airport,airline,air_cluster,frequency
EGLL,BAW,A320,4995
EGLL,BAW,A319,3532
EGLL,BAW,A321,1747
EGLL,BAW,B744,1450
EGLL,FIN,A321,146
EGLL,FIN,A320,78
EGLL,FIN,A319,1
EGLL,BEE,DH8D,821
EGLL,IBE,A319,111
EGLL,IBE,A321,107
EGLL,IBE,A320,91
EGLL,UAL,B763,389
EGLL,UAL,B752,57
EGLL,TAP,A320,146
EGLL,TAP,A319,46
EGLL,TAP,A332,39
EGLL,TAP,A321,2
EGLL,DAL,A332,272
EGLL,DAL,B763,227
EGLL,SHT,A319,1047
EGLL,SHT,A320,710
EGLL,SHT,A321,380
EGLL,MSR,B738,59
EGLL,EIN,A320,1280
EGLL,AUA,A320,115
EGLL,AUA,A321,110
EGLL,AFL,A321,170
EGLL,AFL,A320,36
EGLL,AFL,B738,19
EGLL,AFL,A332,2
EGLL,KZR,B752,49
EGLL,KZR,B763,1
EGLL,SWR,A320,281
EGLL,SWR,A321,57
EGLL,SWR,A319,28
EGLL,SWR,E190,1
EGLL,MEA,A332,73
EGLL,MEA,A320,39
EGLL,LOT,B738,35
EGLL,LOT,B737,22
EGLL,LOT,B734,19
EGLL,LOT,E190,2
EGLL,DLH,A320,450
EGLL,DLH,A321,107
EGLL,DLH,A319,41
EGLL,SAS,B738,60
EGLL,SAS,B737,44
EGLL,SAS,A320,22
EGLL,SAS,A321,14
EGLL,SAS,A319,13
EGLL,EWG,A319,667
EGLL,EWG,A320,110
EGLL,EWG,DH8D,1
EGLL,AEE,A321,167
EGLL,AEE,A320,11
EGLL,IRA,A332,24
EGLL,CCA,A332,47
EGLL,KLM,E190,188
EGLL,KLM,B738,170
EGLL,KLM,B737,124
EGLL,RAM,B738,50
EGLL,RAM,E190,16
EGLL,RAM,B737,1
EGLL,ZZZ,A319,4
EGLL,ZZZ,A320,2
EGLL,YYY,B738,1
EGLL,THY,A321,102
EGLL,THY,B738,4
EGLL,THY,A332,3
EGLL,DAH,B738,37
EGLL,DAH,A332,17
EGLL,AZA,A320,136
EGLL,AZA,A319,92
EGLL,AZA,A321,69
EGLL,AAA,B738,1
EGLL,ASL,A319,75
EGLL,ASL,A320,58
EGLL,VLG,A320,56
EGLL,SVA,B737,3
EGLL,TAR,A320,25
EGLL,TAR,A319,7
EGLL,BEL,A320,109
EGLL,BEL,A319,51
EGLL,PPP,B738,1
EGLL,CBJ,A332,24
EGLL,AMC,A320,69
EGLL,AMC,A319,18
EGLL,ACA,B763,57
EGLL,GCR,A332,36
EGLL,ICE,B752,63
EGLL,ICE,B763,52
EGLL,AFR,A320,112
EGLL,AFR,A321,106
EGLL,AFR,A319,91
EGLL,AFR,E190,12
EGLL,LZB,A319,35
EGLL,LZB,E190,5
EGLL,CTN,A319,23
EGLL,CTN,A320,10
EGLL,CSN,A332,18
EGLL,QQQ,B738,3
EGLL,QAF,A320,6
EGLL,QAF,A332,1
EGLL,ABW,B744,6
EGLL,SIA,B744,16
EGLL,CPA,B744,8
EGLL,QTR,A332,11
EGLL,UZB,B752,5
EGLL,UZB,B763,3
EGLL,CCC,B738,1
EGLL,BCS,B752,8
EGLL,LLL,B738,1
EGLL,OOO,B738,1
EGLL,RJA,A321,8
EGLL,RRF,A332,1
EGLL,AAL,A332,6
EGLL,AAL,B763,1
EGLL,KRF,A332,2
EGLL,ELY,B744,2
EGLL,ROU,B763,1
EGLL,GIA,A332,3
EGLL,BAH,B744,1
EGLL,MMM,B738,1
EGLL,VPB,A332,1
EGLL,AHY,B763,2
EGLL,KAC,A332,3
EGLL,JEP,B744,1
LFPG,AHY,A319,16
LFPG,AHY,A320,6
LFPG,AHY,B752,1
LFPG,AHY,B763,1
LFPG,AFR,A320,4363
LFPG,AFR,A319,3413
LFPG,AFR,A321,2282
LFPG,AFR,E190,1306
LFPG,AFR,A332,683
LFPG,AFR,B744,17
LFPG,BEE,DH8D,230
LFPG,EZY,A319,420
LFPG,EZY,A320,159
LFPG,EZY,E190,3
LFPG,DLH,A320,335
LFPG,DLH,A321,243
LFPG,DLH,A319,107
LFPG,KLM,B738,208
LFPG,KLM,B737,90
LFPG,EJU,A320,1939
LFPG,EJU,A319,230
LFPG,DAL,B763,452
LFPG,DAL,A332,56
LFPG,LBT,A320,332
LFPG,VLG,A320,1068
LFPG,VLG,A321,85
LFPG,VLG,A319,2
LFPG,SWR,A320,58
LFPG,SWR,E190,15
LFPG,SWR,A319,1
LFPG,SWR,A321,1
LFPG,TAY,B734,42
LFPG,TAY,B752,37
LFPG,ELY,B738,45
LFPG,ELY,B744,12
LFPG,CES,A332,50
LFPG,AZA,A320,149
LFPG,AZA,A321,85
LFPG,AZA,A319,41
LFPG,AZA,E190,6
LFPG,EWG,A319,148
LFPG,EWG,A320,58
LFPG,EWG,B738,38
LFPG,EWG,DH8D,4
LFPG,AUA,A320,185
LFPG,AUA,A321,129
LFPG,AUA,A319,8
LFPG,FDX,B752,339
LFPG,FDX,B763,33
LFPG,FIN,A321,129
LFPG,FIN,A320,87
LFPG,FIN,E190,58
LFPG,FIN,A319,8
LFPG,NPT,B734,76
LFPG,BEL,A320,173
LFPG,BEL,A319,6
LFPG,AEE,A321,169
LFPG,AEE,A320,148
LFPG,TAR,A320,30
LFPG,TAR,A332,1
LFPG,SDM,A320,57
LFPG,AFL,A321,204
LFPG,AFL,A320,61
LFPG,AFL,B738,15
LFPG,JAF,B738,309
LFPG,JAF,A320,5
LFPG,JAF,B737,1
LFPG,ICE,B752,84
LFPG,ICE,B763,68
LFPG,ICE,A319,11
LFPG,AEA,B738,354
LFPG,FPO,B737,335
LFPG,FPO,B734,124
LFPG,FPO,B738,91
LFPG,SAS,B737,110
LFPG,SAS,A320,62
LFPG,SAS,B738,61
LFPG,SAS,A321,35
LFPG,SAS,A319,12
LFPG,DAH,B738,405
LFPG,DAH,A332,119
LFPG,DAH,B737,10
LFPG,OHY,A320,41
LFPG,OHY,A321,5
LFPG,AUI,B738,114
LFPG,FIA,A320,13
LFPG,FIA,A319,7
LFPG,AAL,A332,110
LFPG,MSR,B738,62
LFPG,SXS,B738,45
LFPG,SXS,A320,7
LFPG,BAW,A319,216
LFPG,BAW,A320,107
LFPG,BAW,A321,37
LFPG,UPS,B763,80
LFPG,THY,A321,170
LFPG,THY,B738,95
LFPG,THY,A332,49
LFPG,THY,A320,3
LFPG,THY,B737,1
LFPG,TSC,A332,92
LFPG,XLF,A332,157
LFPG,ABR,AT43,111
LFPG,ABR,B734,30
LFPG,ABR,B737,1
LFPG,UZB,B752,9
LFPG,UZB,B763,5
LFPG,CSA,B738,150
LFPG,ASL,A319,82
LFPG,ASL,A320,43
LFPG,MAC,A320,71
LFPG,NAX,B738,179
LFPG,NAX,A320,10
LFPG,NAX,B763,2
LFPG,BCS,B734,95
LFPG,BCS,B752,89
LFPG,BCS,A332,8
LFPG,SRR,B763,59
LFPG,SQP,B737,20
LFPG,SQP,B738,13
LFPG,LGL,DH8D,214
LFPG,LGL,B737,8
LFPG,LGL,B738,4
LFPG,LZB,A319,41
LFPG,LZB,E190,14
LFPG,CCA,A332,76
LFPG,TCV,B752,23
LFPG,RJA,A320,49
LFPG,RJA,A321,7
LFPG,RJA,A319,3
LFPG,RAM,B738,130
LFPG,RAM,B737,11
LFPG,GFA,A320,58
LFPG,HOP,E190,16
LFPG,UAL,B763,37
LFPG,ROT,B737,34
LFPG,ROT,B738,11
LFPG,LOT,B734,87
LFPG,LOT,A319,10
LFPG,LOT,B738,4
LFPG,LOT,A320,1
LFPG,LOT,B737,1
LFPG,LOT,E190,1
LFPG,REU,A332,45
LFPG,REU,B744,3
LFPG,ADR,A319,17
LFPG,EIN,A320,272
LFPG,EIN,B734,1
LFPG,ENT,B738,166
LFPG,CRL,B738,16
LFPG,CRL,B744,1
LFPG,ACA,A332,56
LFPG,TVS,B738,90
LFPG,KAC,A332,32
LFPG,AAF,A320,77
LFPG,AAF,A332,5
LFPG,AAF,B737,1
LFPG,MEA,A332,114
LFPG,MEA,A320,2
LFPG,TVF,B738,18
LFPG,TVF,A319,5
LFPG,TVF,A320,1
LFPG,ANE,CRJX,26
LFPG,IBS,A320,114
LFPG,FOO,A321,44
LFPG,FOO,A320,10
LFPG,KZR,B752,23
LFPG,KZR,B763,1
LFPG,CTN,A319,126
LFPG,CTN,A320,2
LFPG,KKK,A320,34
LFPG,KKK,A321,23
LFPG,IRA,A332,15
LFPG,AMC,A320,59
LFPG,AMC,A319,1
LFPG,QQQ,B738,3
LFPG,LAV,B738,18
LFPG,LAV,B734,2
LFPG,SWT,AT43,32
LFPG,DJT,B752,2
LFPG,FEG,B738,15
LFPG,ARN,B763,2
LFPG,RBG,A320,8
LFPG,XFL,A332,1
LFPG,TGZ,B738,13
LFPG,TGZ,E190,2
LFPG,TGZ,B737,1
LFPG,ABW,B744,15
LFPG,SPM,B737,8
LFPG,FLI,A319,19
LFPG,FLI,A320,1
LFPG,AWC,B763,2
LFPG,AWC,B752,1
LFPG,BMS,B734,4
LFPG,BMS,B738,1
LFPG,MNB,A332,7
LFPG,MSC,A320,8
LFPG,SVR,A321,8
LFPG,EZS,A320,1
LFPG,CPA,B744,6
LFPG,BRU,B738,5
LFPG,AIZ,B763,7
LFPG,CHH,A332,2
LFPG,ZZZ,B737,2
LFPG,FRV,B744,1
LFPG,MDG,B744,1
LFPG,MAR,B734,23
LFPG,GZP,B737,2
LFPG,MLH,A320,1
LFPG,SVA,B737,1
LFPG,UUU,B738,1
LFPG,UJX,A320,1
LFPG,NIA,A320,11
LFPG,TFL,B738,2
LFPG,LMU,A320,5
LFPG,HAT,B734,1
LFPG,CFG,A332,1
LFPG,QAF,A332,1
LFPG,WWW,B738,1
LFPG,GJT,A320,2
LFPG,HFY,A332,1
LFPG,SIA,B744,1
EHAM,KLM,E190,6037
EHAM,KLM,B738,4646
EHAM,KLM,B737,2390
EHAM,KLM,B744,438
EHAM,KLM,A332,400
EHAM,EZY,A319,587
EHAM,EZY,A320,496
EHAM,EZY,E190,3
EHAM,BAW,A319,251
EHAM,BAW,A320,191
EHAM,BAW,A321,85
EHAM,TRA,B738,3186
EHAM,TRA,B737,277
EHAM,TRA,B734,4
EHAM,TRA,A320,2
EHAM,TRA,A321,2
EHAM,MPH,B744,100
EHAM,CND,B738,348
EHAM,DAL,B763,340
EHAM,DAL,A332,10
EHAM,CSA,B738,104
EHAM,TFL,B738,436
EHAM,TFL,A320,279
EHAM,TFL,B763,175
EHAM,TFL,B737,2
EHAM,FOO,A321,273
EHAM,VLG,A320,512
EHAM,VLG,A321,80
EHAM,VLG,A319,41
EHAM,ADR,A319,23
EHAM,IBS,A320,122
EHAM,AZA,A319,161
EHAM,AZA,A321,75
EHAM,AZA,A320,49
EHAM,MSR,B738,78
EHAM,ASL,A319,88
EHAM,ASL,A320,5
EHAM,CAL,B744,17
EHAM,DLH,A320,270
EHAM,DLH,A321,126
EHAM,DLH,A319,104
EHAM,DLH,E190,1
EHAM,KKK,A321,60
EHAM,KKK,A332,8
EHAM,EJU,A320,1079
EHAM,EJU,A319,662
EHAM,AFL,A321,107
EHAM,AFL,A320,4
EHAM,AFL,B738,2
EHAM,BEE,DH8D,599
EHAM,ICE,B763,114
EHAM,SAS,B737,103
EHAM,SAS,A319,47
EHAM,SAS,A320,35
EHAM,SAS,B738,29
EHAM,SAS,A321,13
EHAM,SAS,CRJX,1
EHAM,AFR,A321,135
EHAM,AFR,A319,56
EHAM,AFR,A320,41
EHAM,AFR,CRJX,2
EHAM,NAX,B738,128
EHAM,IBK,B738,61
EHAM,IBK,B734,2
EHAM,RYR,B738,265
EHAM,TAP,A319,119
EHAM,TAP,A320,65
EHAM,TAP,A321,11
EHAM,TAP,E190,1
EHAM,CAI,B738,105
EHAM,CAI,A320,8
EHAM,BCS,B752,40
EHAM,BCS,A332,34
EHAM,BCS,B734,22
EHAM,AUA,A320,154
EHAM,AUA,A319,14
EHAM,AUA,A321,3
EHAM,TSC,A332,53
EHAM,AMC,A320,47
EHAM,AMC,A319,3
EHAM,KZR,A321,32
EHAM,UAL,B763,58
EHAM,LCO,B763,23
EHAM,ABW,B744,32
EHAM,THY,A332,58
EHAM,THY,A320,55
EHAM,THY,A321,2
EHAM,THY,B738,1
EHAM,EZS,A320,37
EHAM,EZS,A319,26
EHAM,MAC,A320,102
EHAM,RAM,A320,72
EHAM,RAM,B738,48
EHAM,RAM,B737,8
EHAM,RAM,E190,2
EHAM,EIN,A320,288
EHAM,EIN,A321,1
EHAM,AUI,B738,15
EHAM,AUI,B763,1
EHAM,ROT,B738,99
EHAM,ROT,B737,2
EHAM,SWR,A320,147
EHAM,SWR,A321,75
EHAM,SWR,A319,2
EHAM,ELY,B738,21
EHAM,FIN,A321,108
EHAM,FIN,A320,2
EHAM,PGT,B738,52
EHAM,PGT,A320,50
EHAM,SXS,B738,122
EHAM,SXS,A320,2
EHAM,AAL,B763,56
EHAM,EWG,A320,90
EHAM,EWG,A319,39
EHAM,EWG,B738,8
EHAM,SIA,B744,25
EHAM,CLX,B744,58
EHAM,BRU,B738,5
EHAM,PVJ,B737,9
EHAM,CFE,E190,69
EHAM,AEA,B738,47
EHAM,AEA,A332,33
EHAM,CTN,A319,48
EHAM,CTN,A320,17
EHAM,CTN,DH8D,1
EHAM,FDX,B752,33
EHAM,RJA,A320,14
EHAM,RJA,A321,13
EHAM,RJA,A319,5
EHAM,DTR,AT76,2
EHAM,AEE,A321,45
EHAM,AEE,A320,14
EHAM,LOT,B734,15
EHAM,LOT,A319,5
EHAM,LOT,B738,1
EHAM,MNB,A332,6
EHAM,CKS,B744,10
EHAM,JAF,B738,2
EHAM,TAY,B744,2
EHAM,PHG,B737,4
EHAM,IRA,A332,8
EHAM,CPA,B744,13
EHAM,TGZ,B738,13
EHAM,TGZ,B737,3
EHAM,TGZ,E190,2
EHAM,TVF,B738,9
EHAM,SVA,B744,8
EHAM,LZB,A319,3
EHAM,TAR,A320,7
EHAM,ZZZ,E190,3
EHAM,ZZZ,B734,1
EHAM,ZZZ,A320,1
EHAM,GTI,B744,4
EHAM,EXS,B738,2
EHAM,EXS,B752,1
EHAM,SWG,B738,1
EHAM,OHY,A321,14
EHAM,OHY,A332,3
EHAM,OHY,A320,3
EHAM,BGH,A320,6
EHAM,KLC,E190,1
EHAM,AZG,B744,6
EHAM,VPC,A332,1
EHAM,BSK,B738,1
EHAM,KAY,A319,1
EHAM,FRV,B744,1
EHAM,KKL,A321,2
EHAM,AZI,E190,2
EHAM,LAV,B734,1
EHAM,GJT,A319,1
EHAM,TST,B737,1
EHAM,TOM,B738,1
EDDF,CFG,B763,668
EDDF,CFG,A321,342
EDDF,CFG,A320,175
EDDF,CFG,A332,47
EDDF,AFL,A320,123
EDDF,AFL,A321,65
EDDF,AFL,B738,52
EDDF,DLH,A320,5887
EDDF,DLH,A321,5516
EDDF,DLH,A319,2329
EDDF,DLH,E190,1347
EDDF,DLH,B744,562
EDDF,DLH,B738,279
EDDF,DLH,CRJX,16
EDDF,SXS,B738,332
EDDF,SXS,A320,51
EDDF,SXS,A332,4
EDDF,GLP,B738,8
EDDF,TUI,B738,607
EDDF,TUI,B752,2
EDDF,RYR,B738,1434
EDDF,FIN,A320,48
EDDF,FIN,A321,35
EDDF,FIN,A319,18
EDDF,FIN,E190,11
EDDF,ASL,A319,52
EDDF,ASL,A320,7
EDDF,ANE,CRJX,203
EDDF,AUA,DH8D,226
EDDF,AUA,A320,191
EDDF,AUA,A319,113
EDDF,AUA,A321,25
EDDF,AUA,B763,10
EDDF,AUA,B744,1
EDDF,AZA,A319,85
EDDF,AZA,E190,27
EDDF,AZA,A320,21
EDDF,AZA,B744,1
EDDF,ICE,B752,109
EDDF,ICE,B763,1
EDDF,AFR,E190,144
EDDF,AFR,A319,1
EDDF,SXD,A320,202
EDDF,SXD,B738,13
EDDF,THY,A321,114
EDDF,THY,A332,88
EDDF,THY,B738,86
EDDF,THY,B744,39
EDDF,THY,A320,1
EDDF,BAW,A320,135
EDDF,BAW,A319,95
EDDF,BAW,A321,46
EDDF,AEA,B738,114
EDDF,LOT,B734,9
EDDF,LOT,E190,7
EDDF,LOT,B738,4
EDDF,LOT,A319,1
EDDF,LBT,A320,25
EDDF,MGL,B763,23
EDDF,PGT,B738,69
EDDF,PGT,A320,22
EDDF,CSN,A332,24
EDDF,CTN,A320,168
EDDF,CTN,A319,148
EDDF,CTN,CRJX,12
EDDF,CTN,DH8D,4
EDDF,DAL,B763,169
EDDF,NMB,A332,54
EDDF,AUI,B738,113
EDDF,RZO,A320,21
EDDF,RZO,B763,3
EDDF,RZO,A319,1
EDDF,SWR,A320,94
EDDF,SWR,E190,58
EDDF,SWR,A319,2
EDDF,SWR,A321,2
EDDF,TAP,A320,86
EDDF,TAP,A319,77
EDDF,TAP,A332,1
EDDF,WZZ,A321,101
EDDF,WZZ,A320,71
EDDF,ADR,A319,119
EDDF,LCO,B763,17
EDDF,EJU,A319,110
EDDF,EJU,A320,74
EDDF,AAL,A332,52
EDDF,SAS,B738,55
EDDF,SAS,A321,36
EDDF,SAS,A320,36
EDDF,SAS,B737,35
EDDF,SAS,A319,19
EDDF,EIN,A320,114
EDDF,KLM,E190,140
EDDF,KLM,B737,12
EDDF,RJA,A320,26
EDDF,RJA,A319,26
EDDF,RJA,A321,4
EDDF,MEA,A332,45
EDDF,MEA,A320,20
EDDF,CLU,B744,64
EDDF,CAI,B738,42
EDDF,CAI,A320,16
EDDF,ELY,B738,64
EDDF,CFE,E190,65
EDDF,AEE,A321,112
EDDF,AEE,A320,58
EDDF,AAR,B744,43
EDDF,TAR,A320,62
EDDF,TAR,A319,2
EDDF,TAR,A332,1
EDDF,CCA,A332,48
EDDF,UZB,B763,6
EDDF,UZB,B752,1
EDDF,KZR,B763,48
EDDF,KZR,A321,16
EDDF,KZR,B752,8
EDDF,KZR,A320,8
EDDF,BRU,B738,17
EDDF,ACA,B763,56
EDDF,GFA,A320,58
EDDF,AMC,A320,31
EDDF,AMC,A319,13
EDDF,SVA,B744,18
EDDF,BCS,B752,31
EDDF,RAM,B738,49
EDDF,RAM,B763,9
EDDF,RAM,A320,6
EDDF,RAM,B737,4
EDDF,BUC,A320,35
EDDF,OTF,A320,6
EDDF,ABW,B744,45
EDDF,OHY,A320,24
EDDF,OHY,A321,2
EDDF,VAW,A321,19
EDDF,VAW,A320,4
EDDF,DAH,B738,49
EDDF,IRA,A332,17
EDDF,CAL,B744,8
EDDF,CPA,B744,25
EDDF,FDX,B752,3
EDDF,MLD,A319,32
EDDF,MLD,E190,19
EDDF,MLD,A321,2
EDDF,MLD,A320,1
EDDF,MSC,A320,23
EDDF,MSC,B738,4
EDDF,ROT,B737,86
EDDF,ROT,B738,3
EDDF,CXI,B738,8
EDDF,AWC,B752,6
EDDF,MAC,A320,2
EDDF,ZZZ,A319,4
EDDF,ZZZ,E190,3
EDDF,IAW,A320,24
EDDF,FHY,A320,7
EDDF,BVR,B738,4
EDDF,LZB,E190,18
EDDF,LZB,A319,1
EDDF,LAN,A332,1
EDDF,LMU,A332,7
EDDF,VAS,B734,1
EDDF,LGL,B738,2
EDDF,ENT,B738,5
EDDF,OMA,A332,9
EDDF,VPB,B737,2
EDDF,SMR,B738,3
EDDF,SAA,A332,1
EDDF,DAN,A320,1
EDDF,KKK,A321,2
EDDF,OLY,A321,14
EDDF,OLY,A320,4
EDDF,GAF,A321,1
EDDF,LAV,B734,2
EDDF,EWG,A320,1
EDDF,DAT,A321,1
EDDF,TOW,A332,2
EDDF,EZY,A320,1
EDDF,QAF,A332,1
EDDF,ABR,AT43,1
LEMD,WZZ,A320,153
LEMD,WZZ,A321,116
LEMD,IBE,A320,2043
LEMD,IBE,A319,1906
LEMD,IBE,A321,1390
LEMD,IBE,A332,516
LEMD,ANE,CRJX,3354
LEMD,ANE,AT76,536
LEMD,RYR,B738,3181
LEMD,KLM,B738,227
LEMD,KLM,B737,33
LEMD,TAP,E190,185
LEMD,TAP,A320,128
LEMD,TAP,A319,128
LEMD,TAP,A321,4
LEMD,TAP,A332,2
LEMD,AEA,B738,1648
LEMD,AEA,A332,650
LEMD,AEA,B752,1
LEMD,AEA,E190,1
LEMD,IBS,A320,2721
LEMD,IBS,A321,592
LEMD,EZY,A319,276
LEMD,EZY,A320,86
LEMD,EZY,E190,5
LEMD,AEE,A321,79
LEMD,AEE,A320,10
LEMD,ELY,B738,18
LEMD,AZA,A320,157
LEMD,AZA,A321,9
LEMD,AZA,E190,3
LEMD,AZA,A319,2
LEMD,FPO,B734,47
LEMD,IBK,B738,388
LEMD,IBK,A321,44
LEMD,IBK,A332,4
LEMD,ROT,B738,73
LEMD,DLH,A321,232
LEMD,DLH,A320,193
LEMD,DLH,A319,13
LEMD,TVF,B738,83
LEMD,TVF,A320,6
LEMD,TVF,A319,5
LEMD,TVF,B763,2
LEMD,TVF,B752,1
LEMD,CSA,B738,53
LEMD,CSA,B737,1
LEMD,CSA,B734,1
LEMD,BCS,B752,138
LEMD,BCS,B734,3
LEMD,JAF,A320,20
LEMD,JAF,B738,6
LEMD,EJU,A320,155
LEMD,EJU,A319,100
LEMD,VLG,A320,488
LEMD,VLG,A319,24
LEMD,EVE,A332,8
LEMD,EVE,B744,1
LEMD,THY,A332,40
LEMD,THY,B738,26
LEMD,THY,A321,18
LEMD,THY,B744,4
LEMD,LGL,B737,40
LEMD,LGL,B738,5
LEMD,AFR,A321,135
LEMD,AFR,A320,115
LEMD,AFR,A319,81
LEMD,UAL,B752,56
LEMD,AUI,B738,83
LEMD,MAC,A320,32
LEMD,BEL,A319,100
LEMD,BEL,A320,61
LEMD,VKG,B744,1
LEMD,VKG,A332,1
LEMD,VKG,B752,1
LEMD,EIN,A320,56
LEMD,BOV,B763,40
LEMD,BOV,B744,1
LEMD,RAM,B738,90
LEMD,RAM,B737,18
LEMD,RAM,E190,18
LEMD,RAM,B763,2
LEMD,RAM,B744,1
LEMD,TAY,B734,45
LEMD,LNE,B763,25
LEMD,VOE,A319,48
LEMD,SWT,AT43,88
LEMD,SWT,B734,36
LEMD,SWT,B752,1
LEMD,RGN,B752,77
LEMD,MSR,B738,44
LEMD,CEL,B738,17
LEMD,MEA,A320,33
LEMD,BAW,A321,90
LEMD,BAW,A319,29
LEMD,BAW,A320,28
LEMD,LOT,B737,28
LEMD,LOT,B734,19
LEMD,LOT,B738,11
LEMD,FIN,A321,56
LEMD,PVG,B752,16
LEMD,PVG,B763,6
LEMD,PVG,A332,1
LEMD,EZS,A320,69
LEMD,EZS,A319,35
LEMD,PGT,B738,33
LEMD,PGT,A320,8
LEMD,AFL,A321,153
LEMD,AFL,A320,15
LEMD,LPE,B763,59
LEMD,TAR,A319,14
LEMD,TAR,A320,10
LEMD,BMS,B738,26
LEMD,LDM,A320,57
LEMD,ARG,A332,52
LEMD,ASL,A319,16
LEMD,ASL,A320,4
LEMD,ENT,B738,56
LEMD,NAX,B738,4
LEMD,MLD,E190,11
LEMD,MLD,A319,5
LEMD,SWR,E190,55
LEMD,SWR,A320,2
LEMD,AAL,A332,108
LEMD,MYX,A320,6
LEMD,MYX,A321,2
LEMD,RJA,A320,30
LEMD,RJA,A321,9
LEMD,RJA,A319,1
LEMD,LAN,A332,1
LEMD,NOS,B744,1
LEMD,NOS,B752,1
LEMD,TCX,B763,3
LEMD,TCX,B744,1
LEMD,TCX,B752,1
LEMD,PLM,A332,42
LEMD,PLM,B744,32
LEMD,ZZZ,B737,3
LEMD,ICE,B752,25
LEMD,JTG,B737,1
LEMD,JTG,B752,1
LEMD,LZB,A319,23
LEMD,LZB,E190,1
LEMD,UPS,B763,40
LEMD,REU,B744,1
LEMD,NIA,A321,8
LEMD,NMA,A320,11
LEMD,ABR,B734,55
LEMD,DAH,B738,27
LEMD,DAH,B737,1
LEMD,NRS,A332,1
LEMD,ECL,A320,5
LEMD,TOM,B763,3
LEMD,TOM,B752,2
LEMD,FEG,B738,12
LEMD,FEG,B737,3
LEMD,VPB,B738,1
LEMD,CBJ,A332,13
LEMD,HZS,A319,1
LEMD,CES,A332,5
LEMD,LCO,B763,7
LEMD,TUI,B752,5
LEMD,TUI,B763,1
LEMD,SDR,A320,3
LEMD,SDR,A319,1
LEMD,ASY,A332,1
LEMD,MDG,B744,1
LEMD,LMU,A320,1
LEMD,MLT,B738,1
LEMD,SXD,B744,1
LEMD,HAT,B734,1
LEMD,GIA,B744,3
LEMD,GIA,A332,2
LEMD,MSC,A320,1
LEMD,YZR,B744,2
LEMD,CRL,B744,1
LEMD,AWC,B752,2
LEMD,ABG,B752,1
LEMD,VPC,B737,1
LEMD,EWG,A320,1
LEBL,AEA,B738,364
LEBL,AEA,A332,94
LEBL,IBE,A320,327
LEBL,IBE,A321,224
LEBL,IBE,A332,132
LEBL,IBE,A319,25
LEBL,EWG,A320,298
LEBL,EWG,A319,104
LEBL,EWG,A321,33
LEBL,EWG,B738,24
LEBL,VLG,A320,7841
LEBL,VLG,A321,1683
LEBL,VLG,A319,472
LEBL,TAR,A320,35
LEBL,TAR,A319,12
LEBL,TAR,A332,2
LEBL,BAW,A320,457
LEBL,BAW,A319,3
LEBL,BAW,A321,2
LEBL,THY,B738,89
LEBL,THY,A332,43
LEBL,THY,A321,13
LEBL,BCS,B752,78
LEBL,BCS,B734,1
LEBL,EJU,A320,893
LEBL,EJU,A319,174
LEBL,DLH,A321,466
LEBL,DLH,A320,231
LEBL,DLH,A319,17
LEBL,RYR,B738,3835
LEBL,RYR,B737,7
LEBL,BRU,B738,56
LEBL,LOT,B734,37
LEBL,LOT,B738,13
LEBL,LOT,B737,8
LEBL,LOT,A319,1
LEBL,KTK,B752,49
LEBL,KTK,B763,44
LEBL,KTK,B738,6
LEBL,SWR,A321,216
LEBL,SWR,A320,38
LEBL,SWR,A319,1
LEBL,EIN,A320,152
LEBL,AZA,A320,154
LEBL,AZA,A321,13
LEBL,AZA,A319,2
LEBL,WZZ,A320,225
LEBL,WZZ,A321,212
LEBL,AFR,A320,179
LEBL,AFR,A321,144
LEBL,AFR,A319,16
LEBL,LGL,DH8D,64
LEBL,LGL,B738,1
LEBL,CCA,A332,45
LEBL,FIN,A321,103
LEBL,FIN,A320,4
LEBL,FIN,A319,2
LEBL,RAM,B738,110
LEBL,RAM,B737,9
LEBL,RAM,B763,1
LEBL,RAM,E190,1
LEBL,IBK,B738,489
LEBL,IBK,A321,32
LEBL,ASL,A319,13
LEBL,ASL,A320,5
LEBL,WRC,A321,37
LEBL,RJA,A320,22
LEBL,RJA,A319,8
LEBL,RJA,A321,2
LEBL,EZY,A319,344
LEBL,EZY,A320,238
LEBL,KLM,B738,252
LEBL,KLM,B737,23
LEBL,ROT,B737,55
LEBL,ROT,B738,1
LEBL,AFL,A321,231
LEBL,AFL,A320,1
LEBL,LDM,A320,96
LEBL,UPS,B763,79
LEBL,DAH,B738,76
LEBL,DAH,B737,24
LEBL,SDM,A319,56
LEBL,SDM,B744,24
LEBL,SDM,B738,16
LEBL,ENT,B738,49
LEBL,ABG,B752,20
LEBL,ABG,B738,14
LEBL,ABG,B763,6
LEBL,TAP,A319,231
LEBL,TAP,A320,133
LEBL,TAP,A321,8
LEBL,TAP,E190,7
LEBL,AAL,A332,110
LEBL,BEL,A319,128
LEBL,BEL,A320,40
LEBL,EZS,A320,121
LEBL,EZS,A319,46
LEBL,CFG,A321,5
LEBL,SVR,A321,114
LEBL,SVR,A319,15
LEBL,SVR,A320,1
LEBL,ROU,B763,56
LEBL,ELY,B744,36
LEBL,ELY,B738,22
LEBL,TSC,A332,33
LEBL,SAS,B738,48
LEBL,SAS,B737,6
LEBL,PGT,B738,32
LEBL,PGT,A320,20
LEBL,AUI,B738,65
LEBL,TUI,B738,16
LEBL,MAC,A320,116
LEBL,MSR,B738,49
LEBL,SDR,A320,8
LEBL,SDR,A319,1
LEBL,TVF,B738,49
LEBL,TVF,A320,2
LEBL,FDX,B752,33
LEBL,TGZ,E190,27
LEBL,LPE,B763,32
LEBL,NAX,B738,49
LEBL,NAX,B763,47
LEBL,NAX,A320,4
LEBL,TRA,B738,180
LEBL,TRA,B737,84
LEBL,LZB,E190,5
LEBL,LZB,A319,3
LEBL,BMS,B738,26
LEBL,BMS,B734,15
LEBL,SQP,B738,82
LEBL,TAY,B734,43
LEBL,EXS,B738,54
LEBL,EXS,B752,8
LEBL,CFE,E190,8
LEBL,FOO,A321,58
LEBL,FOO,A320,5
LEBL,AEE,A321,74
LEBL,AEE,A320,22
LEBL,ROJ,B737,4
LEBL,WLB,A320,6
LEBL,WLB,B737,1
LEBL,SBI,A321,54
LEBL,SBI,A319,16
LEBL,ACA,A332,55
LEBL,TVP,B738,16
LEBL,WJA,B763,25
LEBL,UTN,B763,24
LEBL,ANE,CRJX,14
LEBL,ANE,AT76,12
LEBL,TAM,B763,30
LEBL,RYS,B738,16
LEBL,NGT,B737,10
LEBL,MLD,A319,22
LEBL,MLD,E190,3
LEBL,MLD,A320,1
LEBL,TCX,A321,2
LEBL,CSA,B738,60
LEBL,CSA,B734,2
LEBL,CSA,B737,1
LEBL,ZZZ,B737,7
LEBL,ZZZ,E190,2
LEBL,ZZZ,A321,1
LEBL,FLI,A320,6
LEBL,FLI,A319,2
LEBL,CTN,A319,25
LEBL,CTN,CRJX,8
LEBL,HAT,B734,2
LEBL,LYP,B734,2
LEBL,FBG,AT43,2
LEBL,GJT,A320,8
LEBL,GJT,A319,1
LEBL,ADR,A319,5
LEBL,AIZ,B738,2
LEBL,AIZ,B763,1
LEBL,CJT,B763,1
LEBL,AUH,B738,1
LEBL,VPC,B737,3
LEBL,CRV,A319,2
LEBL,QTR,A332,2
LEBL,NMA,A320,4
LEBL,UAL,B763,1
LEBL,HBJ,A319,1
LEBL,NIA,A320,2
LEBL,FEG,B738,4
LEBL,SMC,A319,1
LEBL,RJD,A319,1
LEBL,NWS,B738,2
LEBL,GTI,B744,1
LTFM,THY,A321,8769
LTFM,THY,B738,7270
LTFM,THY,A332,1781
LTFM,THY,A320,1418
LTFM,THY,A319,1023
LTFM,THY,B737,189
LTFM,KKK,A321,852
LTFM,KKK,A320,340
LTFM,KKK,A319,118
LTFM,KKK,A332,82
LTFM,OHY,A320,484
LTFM,OHY,A321,117
LTFM,OHY,A332,81
LTFM,PGT,B738,274
LTFM,BRQ,B738,40
LTFM,BRQ,B734,11
LTFM,AHY,A320,63
LTFM,AHY,B752,21
LTFM,AHY,A319,12
LTFM,AHY,B763,11
LTFM,RAM,B738,13
LTFM,RAM,B763,1
LTFM,MEA,A320,96
LTFM,MEA,A332,74
LTFM,DLH,A320,136
LTFM,DLH,A321,36
LTFM,DAH,B738,135
LTFM,DAH,A332,19
LTFM,DAH,B737,8
LTFM,KAC,A332,16
LTFM,KZR,A320,91
LTFM,KZR,A321,6
LTFM,JZR,A320,53
LTFM,IAW,B738,103
LTFM,IAW,B744,24
LTFM,IAW,A332,9
LTFM,IAW,A321,5
LTFM,AFL,B738,150
LTFM,AFL,A320,124
LTFM,AFL,A321,2
LTFM,MSR,B738,76
LTFM,MSR,A320,20
LTFM,FBA,B737,77
LTFM,FBA,B738,1
LTFM,UJX,A320,41
LTFM,UJX,A319,6
LTFM,UJX,A321,2
LTFM,MLD,E190,34
LTFM,MLD,A319,21
LTFM,MLD,A321,1
LTFM,KLM,B737,36
LTFM,KLM,B738,13
LTFM,AEE,A319,120
LTFM,AEE,A320,61
LTFM,AEE,A321,2
LTFM,LAA,A332,35
LTFM,LAA,A320,11
LTFM,AFR,A320,48
LTFM,AFR,A321,7
LTFM,AFR,A319,3
LTFM,LWA,A319,97
LTFM,RJA,A319,35
LTFM,RJA,A320,35
LTFM,RJA,E190,22
LTFM,RJA,A321,10
LTFM,AUI,B738,161
LTFM,AUI,E190,2
LTFM,RIH,A320,19
LTFM,JAV,B734,32
LTFM,JAV,A320,18
LTFM,BAW,A320,81
LTFM,ETD,A332,41
LTFM,GFA,A320,4
LTFM,GFA,A332,1
LTFM,ROT,B737,12
LTFM,ROT,B738,3
LTFM,ABN,A319,108
LTFM,ABN,B738,2
LTFM,AAW,A320,31
LTFM,AAW,A332,4
LTFM,ETH,B738,50
LTFM,UZB,A320,14
LTFM,UZB,B752,10
LTFM,UZB,B763,8
LTFM,MSX,A332,15
LTFM,LBT,A320,32
LTFM,AVJ,A320,18
LTFM,VSV,B737,24
LTFM,TUA,B738,30
LTFM,TUA,B752,22
LTFM,SMR,B738,7
LTFM,DTH,B738,15
LTFM,AZG,B744,4
LTFM,TAR,A332,32
LTFM,TAR,A320,21
LTFM,TAR,A319,2
LTFM,QTR,A332,12
LTFM,IRA,A332,4
LTFM,ZZZ,A320,1
LTFM,ZZZ,B738,1
LTFM,ZZZ,A321,1
LTFM,ZZZ,A319,1
LTFM,FHY,A320,3
LTFM,CSC,A332,8
LTFM,BDR,B738,4
LTFM,OMA,B738,23
LTFM,KKL,A321,6
LTFM,KKL,A332,1
LTFM,JNK,A319,1
LTFM,LOT,E190,2
LTFM,SVA,A332,2
LTFM,FPM,B738,1
LTFM,AWC,B752,2
LTFM,BRU,B738,2
LTFM,GTI,B744,2
LTFM,ARN,B763,1
EDDM,DLH,A320,5957
EDDM,DLH,A321,2992
EDDM,DLH,A319,2484
EDDM,DLH,E190,69
EDDM,DLH,A332,56
EDDM,DLH,B738,1
EDDM,LGL,DH8D,150
EDDM,LGL,B738,2
EDDM,CFE,E190,141
EDDM,TUI,B738,408
EDDM,TUI,B737,6
EDDM,AEE,A320,222
EDDM,AEE,A321,52
EDDM,SAS,A320,14
EDDM,SAS,A319,11
EDDM,SAS,B738,8
EDDM,SAS,B737,6
EDDM,SAS,A321,4
EDDM,BAW,A319,175
EDDM,BAW,A320,81
EDDM,BAW,A321,59
EDDM,EWG,A319,1141
EDDM,EWG,A320,746
EDDM,EWG,DH8D,25
EDDM,EWG,A332,8
EDDM,THY,A321,101
EDDM,THY,B738,81
EDDM,THY,A332,52
EDDM,THY,A320,3
EDDM,EJU,A319,223
EDDM,EJU,A320,165
EDDM,SWR,E190,165
EDDM,SWR,A320,7
EDDM,SWR,A321,3
EDDM,IBK,B738,160
EDDM,AUA,A319,192
EDDM,AUA,A320,104
EDDM,AUA,A321,9
EDDM,AUA,DH8D,5
EDDM,CFG,A320,386
EDDM,CFG,A321,27
EDDM,CFG,B763,4
EDDM,SXS,B738,342
EDDM,SXS,A320,70
EDDM,SXS,A332,1
EDDM,EZY,A319,239
EDDM,EZY,A320,60
EDDM,UAL,B763,56
EDDM,CTN,DH8D,204
EDDM,CTN,A319,37
EDDM,CTN,A320,13
EDDM,ADR,A319,83
EDDM,KAY,A319,29
EDDM,AFL,A320,203
EDDM,AFL,B738,15
EDDM,AFL,A321,6
EDDM,KLM,B738,123
EDDM,KLM,E190,122
EDDM,KLM,B737,77
EDDM,LDM,B738,73
EDDM,LDM,A320,63
EDDM,DAL,B763,102
EDDM,AMC,A320,92
EDDM,AMC,A319,8
EDDM,AMC,B738,1
EDDM,ELY,B738,27
EDDM,IBE,A319,122
EDDM,IBE,A320,28
EDDM,IBE,A321,14
EDDM,AFR,A319,113
EDDM,AFR,A320,54
EDDM,AFR,A321,27
EDDM,GSW,A319,1
EDDM,FIN,A321,95
EDDM,FIN,A320,18
EDDM,FIN,A319,14
EDDM,NAX,B738,72
EDDM,AZA,A319,72
EDDM,AZA,A320,37
EDDM,AZA,A321,3
EDDM,PGT,B738,40
EDDM,PGT,A320,23
EDDM,AEA,B738,94
EDDM,MSR,B738,66
EDDM,CAI,B738,46
EDDM,CAI,A320,7
EDDM,OHY,A320,13
EDDM,OHY,A321,5
EDDM,OHY,A332,2
EDDM,VOE,A319,19
EDDM,ICE,B752,89
EDDM,ICE,B763,1
EDDM,EIN,A320,89
EDDM,BMS,B738,16
EDDM,SBI,A320,57
EDDM,SBI,A319,45
EDDM,SBI,A321,7
EDDM,VLG,A320,183
EDDM,RYR,B738,109
EDDM,BTI,DH8D,1
EDDM,TAY,B734,65
EDDM,TAY,B738,10
EDDM,GWI,A320,14
EDDM,GWI,A319,10
EDDM,GWI,A332,8
EDDM,ROT,B737,15
EDDM,ROT,B738,6
EDDM,ABW,B744,6
EDDM,SDM,A319,80
EDDM,DAH,B738,6
EDDM,ZZZ,E190,2
EDDM,ZZZ,A319,2
EDDM,ZZZ,B737,1
EDDM,ZZZ,A332,1
EDDM,AUI,B738,56
EDDM,TAP,A319,84
EDDM,TAP,A320,63
EDDM,TAP,A321,2
EDDM,TAR,A320,34
EDDM,TAR,A319,6
EDDM,IAW,A320,8
EDDM,AIZ,E190,2
EDDM,LOT,B734,19
EDDM,LOT,E190,7
EDDM,LOT,B738,6
EDDM,LOT,B737,5
EDDM,LOT,A319,2
EDDM,MSC,A320,17
EDDM,CXI,B738,39
EDDM,CXI,A320,2
EDDM,VAW,A321,10
EDDM,VAW,A320,5
EDDM,OMA,A332,5
EDDM,ISR,A320,8
EDDM,LMU,A332,9
EDDM,LMU,A320,1
EDDM,RJA,A320,14
EDDM,RJA,A319,7
EDDM,RJA,A321,2
EDDM,RJA,E190,1
EDDM,RAM,B737,7
EDDM,RAM,E190,6
EDDM,RAM,B738,1
EDDM,MAC,A320,8
EDDM,JMK,B752,1
EDDM,AAL,A332,53
EDDM,SAA,A332,41
EDDM,SXD,B738,8
EDDM,SXD,A320,8
EDDM,LBT,A320,24
EDDM,NMA,A320,9
EDDM,FDX,B752,31
EDDM,ROJ,B737,2
EDDM,FEG,B738,10
EDDM,FHY,A320,29
EDDM,BUC,A320,18
EDDM,VQB,B738,6
EDDM,VMS,B738,14
EDDM,TWI,B734,19
EDDM,TWI,A332,1
EDDM,SDR,A320,6
EDDM,BCS,B752,5
EDDM,SHJ,A320,4
EDDM,AWC,B752,2
EDDM,AWC,B763,1
EDDM,BEE,DH8D,1
EDDM,HUA,A319,3
EDDM,KKK,A332,1
EDDM,KKK,A321,1
EDDM,TES,A319,1
EDDM,OLY,A321,8
EDDM,OLY,A320,5
EDDM,LLM,A320,2
EDDM,ANE,CRJX,1
EDDM,WIF,DH8D,1
EDDM,VPB,A332,1
EGKK,EZY,A319,5066
EGKK,EZY,A320,2311
EGKK,EZY,E190,40
EGKK,EZY,A321,1
EGKK,EJU,A320,891
EGKK,EJU,A319,514
EGKK,SHT,A319,220
EGKK,SHT,A320,151
EGKK,RYR,B738,549
EGKK,EIN,A320,315
EGKK,WZZ,A321,160
EGKK,WZZ,A320,64
EGKK,TOM,B738,934
EGKK,TOM,B752,253
EGKK,TOM,A320,169
EGKK,TOM,B763,6
EGKK,IBK,B738,1372
EGKK,IBK,A332,1
EGKK,VIR,B744,163
EGKK,VIR,A332,102
EGKK,THY,B738,161
EGKK,THY,A321,115
EGKK,BAW,A320,2421
EGKK,BAW,A319,1177
EGKK,AUI,B738,112
EGKK,RZO,A320,7
EGKK,RZO,B763,1
EGKK,TCX,A321,908
EGKK,TCX,A332,56
EGKK,TCX,B763,14
EGKK,TCX,B752,1
EGKK,VLG,A320,605
EGKK,VLG,A321,214
EGKK,VLG,A319,93
EGKK,AEA,B738,112
EGKK,AEA,A332,2
EGKK,TVS,B738,30
EGKK,TVS,B737,1
EGKK,TVS,A319,1
EGKK,WJA,B763,119
EGKK,WJA,B737,57
EGKK,MAC,A320,58
EGKK,FOO,A321,67
EGKK,FOO,A320,20
EGKK,NAX,B738,241
EGKK,EZS,A320,195
EGKK,EZS,A319,42
EGKK,ICE,B752,44
EGKK,NRS,A332,49
EGKK,NRS,B763,2
EGKK,TAP,A319,71
EGKK,TAP,E190,56
EGKK,TAP,A320,29
EGKK,TAP,A321,20
EGKK,TSC,A332,91
EGKK,RAM,B738,49
EGKK,RAM,B737,5
EGKK,RAM,B763,4
EGKK,IBS,A320,108
EGKK,IBS,A321,4
EGKK,ENT,B738,68
EGKK,IAW,A320,19
EGKK,AMC,A320,31
EGKK,AMC,A319,3
EGKK,TGZ,B738,12
EGKK,TGZ,E190,11
EGKK,TGZ,B737,1
EGKK,HFM,A319,2
EGKK,SDM,A319,53
EGKK,SDM,A320,3
EGKK,TAR,A320,19
EGKK,TAR,A319,4
EGKK,CTN,A320,18
EGKK,CTN,A319,1
EGKK,JAF,B738,3
EGKK,RWD,A332,11
EGKK,BRU,B738,8
EGKK,BRU,E190,1
EGKK,SHJ,A320,6
EGKK,BGH,A320,15
EGKK,BGH,B738,1
EGKK,CES,A332,5
EGKK,VKG,A321,1
EGKK,BLX,B752,1
EGKK,CRL,B763,1
EGKK,AWC,B752,3
EGKK,AWC,A320,1
EGKK,PVG,B763,1
EGKK,WUK,A321,1
EGKK,AFL,A321,2
EGKK,ANE,CRJX,2
EGKK,VPB,A332,1
EGKK,ZZZ,A320,2
EGKK,TES,A321,1
EGKK,GNJ,B752,2
LIRF,MSA,B734,83
LIRF,AZA,A320,5166
LIRF,AZA,A319,2410
LIRF,AZA,A321,1463
LIRF,AZA,A332,512
LIRF,AZA,E190,104
LIRF,AZA,B744,1
LIRF,EZY,A319,166
LIRF,EZY,A320,80
LIRF,EZY,E190,1
LIRF,ARG,A332,44
LIRF,BMS,B738,70
LIRF,BMS,B734,22
LIRF,DLH,A320,262
LIRF,DLH,A321,164
LIRF,DLH,A319,85
LIRF,DLH,B738,54
LIRF,DLH,E190,2
LIRF,IBE,A321,168
LIRF,IBE,A320,70
LIRF,IBE,A319,14
LIRF,KLM,B738,207
LIRF,KLM,B737,20
LIRF,AFR,A321,179
LIRF,AFR,A320,173
LIRF,AFR,A319,34
LIRF,AMC,A320,68
LIRF,AMC,A319,37
LIRF,BPA,B734,204
LIRF,BPA,B738,175
LIRF,BPA,B763,35
LIRF,LGL,B737,35
LIRF,LGL,B738,15
LIRF,LGL,DH8D,11
LIRF,AFL,A320,227
LIRF,AFL,B738,31
LIRF,AFL,A321,22
LIRF,ISS,E190,216
LIRF,ISS,B738,142
LIRF,ISS,B737,109
LIRF,ISS,A332,9
LIRF,WZZ,A321,113
LIRF,WZZ,A320,82
LIRF,VLG,A320,1809
LIRF,VLG,A321,147
LIRF,VLG,A319,1
LIRF,BAW,A319,132
LIRF,BAW,A321,107
LIRF,BAW,A320,91
LIRF,IBK,B738,118
LIRF,IBK,B734,28
LIRF,EJU,A320,322
LIRF,EJU,A319,214
LIRF,SWR,A320,81
LIRF,SWR,A321,48
LIRF,SWR,A319,35
LIRF,CSN,A332,47
LIRF,THY,A321,101
LIRF,THY,A320,69
LIRF,THY,B738,54
LIRF,THY,A332,38
LIRF,THY,A319,1
LIRF,THY,B737,1
LIRF,DAL,B763,56
LIRF,SBI,A320,53
LIRF,SBI,A321,3
LIRF,TSC,A332,96
LIRF,ERN,A319,84
LIRF,ERN,A320,11
LIRF,AEE,A321,113
LIRF,AEE,A320,31
LIRF,UAL,B763,56
LIRF,RYR,B738,1489
LIRF,TAP,A319,103
LIRF,TAP,A320,83
LIRF,TAP,A321,19
LIRF,TAP,A332,6
LIRF,EWG,A320,186
LIRF,EWG,A319,158
LIRF,NOS,B738,99
LIRF,NOS,B763,5
LIRF,NOS,B744,2
LIRF,NOS,B734,2
LIRF,TAM,B763,54
LIRF,NAX,B738,153
LIRF,NAX,B763,20
LIRF,NAX,A320,13
LIRF,LMU,A320,9
LIRF,LMU,A332,4
LIRF,EZS,A319,64
LIRF,EZS,A320,43
LIRF,ASL,A319,32
LIRF,ASL,A320,22
LIRF,LDM,A320,96
LIRF,SVA,A320,56
LIRF,SVA,B737,1
LIRF,CSC,A332,21
LIRF,RAM,B738,42
LIRF,RAM,B737,21
LIRF,RAM,E190,6
LIRF,FIN,A321,91
LIRF,FIN,A319,24
LIRF,FIN,E190,11
LIRF,FIN,A320,9
LIRF,LZB,A319,15
LIRF,LZB,E190,9
LIRF,TVF,B738,17
LIRF,ELY,B738,19
LIRF,LAV,B734,31
LIRF,LAV,B738,11
LIRF,MSR,B738,116
LIRF,MSR,A332,2
LIRF,CTN,DH8D,80
LIRF,CCA,A332,24
LIRF,SVR,A321,32
LIRF,SVR,A320,8
LIRF,CFE,E190,45
LIRF,TRA,B737,18
LIRF,TRA,B738,2
LIRF,SAS,B738,49
LIRF,SAS,A321,28
LIRF,SAS,A320,28
LIRF,SAS,B737,21
LIRF,SAS,A319,13
LIRF,BEL,A319,88
LIRF,BEL,A320,67
LIRF,TAR,A320,35
LIRF,TAR,A319,13
LIRF,EIN,A320,87
LIRF,EIN,A321,23
LIRF,EIN,B752,1
LIRF,AEA,B738,157
LIRF,AEA,A332,4
LIRF,PBD,B738,24
LIRF,QTR,A332,2
LIRF,BRU,B738,6
LIRF,MSC,A320,20
LIRF,MSC,B738,4
LIRF,ABR,AT43,19
LIRF,EXS,B738,131
LIRF,EXS,A321,6
LIRF,EXS,B752,1
LIRF,MEA,A320,56
LIRF,CSA,B738,32
LIRF,CSA,B737,21
LIRF,CSA,A319,3
LIRF,CSA,B734,1
LIRF,PGT,B738,53
LIRF,PGT,A320,26
LIRF,DAH,B737,10
LIRF,DAH,B738,3
LIRF,KAC,A332,32
LIRF,TDR,A320,16
LIRF,AUI,B738,101
LIRF,AUI,B763,1
LIRF,AUI,A320,1
LIRF,SDM,A320,70
LIRF,SDM,A319,10
LIRF,FOO,A321,102
LIRF,RJA,A319,21
LIRF,RJA,A320,14
LIRF,RJA,E190,6
LIRF,RJA,A321,2
LIRF,TCV,B752,20
LIRF,MLD,A319,30
LIRF,MLD,A320,12
LIRF,MLD,E190,3
LIRF,MLD,A321,2
LIRF,ZZZ,B738,3
LIRF,ZZZ,A319,2
LIRF,ZZZ,B752,1
LIRF,ZZZ,B737,1
LIRF,CHH,A332,1
LIRF,HOP,E190,34
LIRF,HOP,CRJX,22
LIRF,HOP,A320,11
LIRF,HOP,A319,4
LIRF,FHY,A320,9
LIRF,NMA,A319,8
LIRF,KKK,A321,2
LIRF,MAC,A320,8
LIRF,HAT,B734,7
LIRF,ROT,B737,40
LIRF,ETA,B763,3
LIRF,UZB,B752,8
LIRF,UZB,B763,5
LIRF,ENT,B738,1
LIRF,AAL,A332,2
LIRF,AAL,B763,1
LIRF,HFM,A319,1
LIRF,ETH,DH8D,1
LIRF,HFY,A332,1
LIRF,KLJ,A319,1
EIDW,RYR,B738,7149
EIDW,RYR,B737,9
EIDW,CFE,E190,117
EIDW,DLH,A321,224
EIDW,DLH,A320,179
EIDW,DLH,A319,8
EIDW,UPS,B763,75
EIDW,BAW,A319,162
EIDW,BAW,A320,106
EIDW,BAW,A321,72
EIDW,EIN,A320,4255
EIDW,EIN,A321,330
EIDW,EIN,A332,264
EIDW,EIN,B752,136
EIDW,STK,AT76,1469
EIDW,FIN,A319,38
EIDW,FIN,E190,18
EIDW,FIN,A320,15
EIDW,FIN,A321,9
EIDW,UAL,B752,114
EIDW,TOM,B738,206
EIDW,TOM,B752,3
EIDW,TOM,B737,1
EIDW,SAS,A320,34
EIDW,SAS,B737,27
EIDW,SAS,B738,18
EIDW,SAS,A321,9
EIDW,SAS,A319,3
EIDW,NAX,B738,59
EIDW,NAX,A320,4
EIDW,THY,B738,31
EIDW,THY,A321,31
EIDW,THY,A332,1
EIDW,VLG,A320,47
EIDW,ICE,B752,65
EIDW,ICE,DH8D,6
EIDW,TAP,A319,47
EIDW,TAP,A320,45
EIDW,TAP,E190,1
EIDW,ZZZ,B752,6
EIDW,ZZZ,AT76,1
EIDW,AFR,A320,70
EIDW,AFR,A319,41
EIDW,AFR,B744,3
EIDW,SXS,B738,13
EIDW,MLD,A319,25
EIDW,MLD,A320,24
EIDW,MLD,A321,7
EIDW,MLD,B738,1
EIDW,IBK,B738,85
EIDW,IBK,B734,1
EIDW,NOS,B738,8
EIDW,BEE,DH8D,219
EIDW,KLM,E190,162
EIDW,IBS,A320,111
EIDW,IBS,A321,3
EIDW,SWR,A321,57
EIDW,SWR,A320,10
EIDW,LDM,A320,57
EIDW,EWG,A320,46
EIDW,EWG,A319,43
EIDW,LAV,B738,26
EIDW,LAV,B734,13
EIDW,DAL,B763,56
EIDW,AFL,A320,55
EIDW,AFL,B738,1
EIDW,WJA,B737,49
EIDW,FIA,A319,9
EIDW,FIA,A320,9
EIDW,AAL,A332,107
EIDW,TVF,B738,39
EIDW,TVF,A320,2
EIDW,BMS,B738,73
EIDW,BMS,B734,7
EIDW,RSY,A332,1
EIDW,LGL,DH8D,25
EIDW,LGL,B737,22
EIDW,LGL,B738,10
EIDW,FDX,B763,32
EIDW,ROU,B763,12
EIDW,TVS,B738,8
EIDW,CTN,A319,25
EIDW,SBI,A320,8
EIDW,MAC,A320,10
EIDW,TAY,B734,40
EIDW,AEE,A320,32
EIDW,BBD,B734,39
EIDW,RDN,B737,1
EIDW,ABR,B738,8
EIDW,ABR,B752,1
EIDW,BCS,B734,7
EIDW,BCS,B752,1
EIDW,IBE,A320,1
EIDW,TRA,B738,1
EIDW,DTR,AT76,5
EIDW,CRL,B744,1
EIDW,ENT,B738,3
EIDW,MLH,A320,1
EIDW,AHY,A319,3
EIDW,EXS,B738,1
EIDW,FPO,B737,2
EIDW,AZI,E190,3
EIDW,CRV,A319,1
EIDW,TSC,A332,1
EIDW,ANE,CRJX,2
EIDW,SWG,B738,4
EIDW,TVP,B738,1
EIDW,ETD,A332,1
EIDW,FAH,B734,1
EIDW,SPA,B737,1
EIDW,SSG,A319,1
LFPO,AFR,A320,1223
LFPO,AFR,CRJX,1154
LFPO,AFR,A319,950
LFPO,AFR,A321,748
LFPO,AFR,AT76,225
LFPO,AFR,E190,1
LFPO,TAP,A319,258
LFPO,TAP,A320,205
LFPO,TAP,A321,46
LFPO,TAP,A332,5
LFPO,TAP,E190,2
LFPO,DAH,B738,348
LFPO,DAH,A332,113
LFPO,VLG,A321,771
LFPO,VLG,A320,509
LFPO,VLG,A319,109
LFPO,TVF,B738,3328
LFPO,TVF,A319,116
LFPO,TVF,A320,81
LFPO,TVF,B763,8
LFPO,TVF,B752,5
LFPO,TVF,B734,5
LFPO,TVF,B737,1
LFPO,IBE,A320,135
LFPO,IBE,A321,112
LFPO,IBE,A319,71
LFPO,EJU,A320,1276
LFPO,EJU,A319,54
LFPO,CCM,A320,626
LFPO,CCM,A321,2
LFPO,AZA,E190,58
LFPO,AZA,A319,1
LFPO,RAM,B738,531
LFPO,RAM,A320,138
LFPO,RAM,B763,47
LFPO,RAM,B737,9
LFPO,CRL,B744,127
LFPO,CRL,A332,106
LFPO,CRL,B763,1
LFPO,FWI,A332,69
LFPO,TAR,A320,129
LFPO,TAR,A332,78
LFPO,TAR,A319,5
LFPO,JAF,B738,163
LFPO,JAF,B737,9
LFPO,AEA,B738,206
LFPO,AEA,A332,11
LFPO,AEA,B752,1
LFPO,AAF,A320,673
LFPO,AAF,A332,74
LFPO,AAF,B734,15
LFPO,AAF,A319,7
LFPO,DJT,B752,33
LFPO,TRA,B738,23
LFPO,TRA,B737,1
LFPO,SDM,B738,56
LFPO,PGT,B738,47
LFPO,PGT,A320,26
LFPO,EZS,A320,47
LFPO,EZS,A319,7
LFPO,IBK,B738,86
LFPO,IBK,B734,2
LFPO,AMC,A320,62
LFPO,AMC,A319,5
LFPO,HOP,AT76,7
LFPO,HOP,CRJX,7
LFPO,HOP,E190,4
LFPO,NAX,B738,23
LFPO,BOS,A332,109
LFPO,SEJ,B738,2
LFPO,REU,A332,5
LFPO,QAF,A332,3
LFPO,QAF,A320,2
LFPO,BAH,B744,2
LFPO,BAH,B738,1
LFPO,ZZZ,A319,1
LFPO,ZZZ,B738,1
LFPO,HZS,A332,1
LFPO,CAJ,A332,3
LFPO,CTM,A332,2
LFPO,VAI,A332,1
LFPO,LJU,A320,1
LFPO,FAC,B737,1
LFPO,HFM,A319,3
LFPO,LAV,B734,1
LFPO,FVF,A320,2
LFPO,TES,A320,2
LFPO,PAT,B763,1
LOWW,VLG,A320,167
LOWW,VLG,A319,1
LOWW,VLG,A321,1
LOWW,AUA,A320,3680
LOWW,AUA,DH8D,1961
LOWW,AUA,A319,1127
LOWW,AUA,A321,878
LOWW,AUA,B763,316
LOWW,LOT,DH8D,20
LOWW,LOT,B734,10
LOWW,LOT,B738,4
LOWW,LOT,E190,3
LOWW,LOT,A319,1
LOWW,WZZ,A321,660
LOWW,WZZ,A320,307
LOWW,SDM,A319,40
LOWW,IBE,A320,108
LOWW,IBE,A319,45
LOWW,IBE,A321,2
LOWW,EWG,A319,962
LOWW,EWG,A320,779
LOWW,EWG,B738,40
LOWW,EWG,DH8D,8
LOWW,DLH,A320,132
LOWW,DLH,A321,93
LOWW,DLH,A319,39
LOWW,EJU,A319,249
LOWW,EJU,A320,101
LOWW,FOO,A321,354
LOWW,FOO,A320,133
LOWW,MLD,A319,13
LOWW,MLD,E190,3
LOWW,BAW,A320,270
LOWW,BAW,A321,2
LOWW,LDM,A320,1336
LOWW,LDM,B738,2
LOWW,KLM,B738,124
LOWW,KLM,B737,86
LOWW,KLM,E190,9
LOWW,AFR,A319,64
LOWW,AFR,A320,50
LOWW,AFR,A321,35
LOWW,TAY,B738,19
LOWW,TAY,B734,14
LOWW,AMC,A320,75
LOWW,AMC,A319,5
LOWW,BEL,A319,103
LOWW,BEL,A320,23
LOWW,SXS,B738,196
LOWW,SXS,A320,73
LOWW,SXS,A332,4
LOWW,FIN,A321,70
LOWW,FIN,A320,23
LOWW,FIN,A319,19
LOWW,FIN,E190,2
LOWW,QTR,A320,11
LOWW,QTR,A321,1
LOWW,THY,A321,182
LOWW,THY,A320,63
LOWW,THY,A332,35
LOWW,THY,B738,34
LOWW,THY,B744,3
LOWW,THY,A319,2
LOWW,FDX,B752,106
LOWW,SWR,A320,178
LOWW,SWR,A321,42
LOWW,SWR,E190,40
LOWW,SWR,A319,7
LOWW,TAR,A320,31
LOWW,TAR,A319,1
LOWW,TAR,A332,1
LOWW,EZY,A319,101
LOWW,EZY,A320,69
LOWW,EZY,E190,3
LOWW,ROT,B737,47
LOWW,ROT,B738,7
LOWW,MSR,B738,56
LOWW,EIN,A320,56
LOWW,TAP,A320,32
LOWW,TAP,A321,29
LOWW,TAP,A332,12
LOWW,TAP,A319,2
LOWW,AAR,B744,49
LOWW,LGL,DH8D,169
LOWW,LGL,B737,16
LOWW,LGL,B738,5
LOWW,CTN,DH8D,130
LOWW,CTN,A320,1
LOWW,ELY,B738,58
LOWW,AFL,A320,96
LOWW,AFL,B738,72
LOWW,AFL,A321,54
LOWW,UPS,B763,39
LOWW,UTA,B738,2
LOWW,EZS,A320,71
LOWW,EZS,A319,23
LOWW,AZG,B744,9
LOWW,TTT,B738,1
LOWW,TRA,B737,19
LOWW,TRA,B738,1
LOWW,KAC,A320,24
LOWW,VOE,A319,24
LOWW,AEE,A320,72
LOWW,PGT,B738,69
LOWW,PGT,A320,37
LOWW,DAH,B737,26
LOWW,DAH,B738,6
LOWW,BUC,A320,16
LOWW,LBT,A320,29
LOWW,LBT,A321,1
LOWW,NAX,B738,32
LOWW,JAF,B738,1
LOWW,ZZZ,B737,2
LOWW,ZZZ,B738,1
LOWW,ZZZ,A321,1
LOWW,SVA,A320,38
LOWW,AUI,E190,74
LOWW,AUI,B738,1
LOWW,RJA,E190,21
LOWW,RJA,A319,8
LOWW,RJA,A320,2
LOWW,TVF,B738,5
LOWW,TGZ,E190,24
LOWW,BTI,DH8D,2
LOWW,FEG,B738,17
LOWW,FEG,B737,6
LOWW,ADR,A319,8
LOWW,ENT,B738,10
LOWW,KNE,A320,16
LOWW,FHY,A320,3
LOWW,FHY,A332,3
LOWW,FHY,B738,1
LOWW,LZB,E190,24
LOWW,LZB,A319,3
LOWW,RAM,B737,11
LOWW,RAM,E190,4
LOWW,RAM,B738,2
LOWW,SBI,A320,16
LOWW,MSC,A320,24
LOWW,MSC,B738,3
LOWW,AHY,A319,1
LOWW,SSG,A319,3
LOWW,CXI,B738,8
LOWW,GWI,A319,10
LOWW,GWI,A320,5
LOWW,QQQ,B738,1
LOWW,VPC,B737,1
LOWW,KAY,A319,2
LOWW,HZS,A319,1
LOWW,WWW,B738,1
LOWW,MAC,A320,8
LOWW,LAV,B734,1
LOWW,ASL,A319,5
LOWW,ASL,A320,1
LOWW,OEL,A320,1
LOWW,OOO,B738,1
LOWW,MMM,A320,1
LOWW,TVS,B738,1
LOWW,IAM,A319,1
LOWW,VPB,B737,1
LOWW,VPB,A332,1
LOWW,FPO,B737,1
LOWW,SDR,A320,1
LOWW,AWC,B763,2
LOWW,VIP,A319,1
LOWW,AZA,B744,1
LOWW,KKK,A332,1
LOWW,CLX,B744,3
LOWW,BCS,B752,1
LSZH,EWG,A319,302
LSZH,EWG,A320,284
LSZH,EWG,B738,34
LSZH,EWG,DH8D,32
LSZH,SWR,A320,3146
LSZH,SWR,E190,2066
LSZH,SWR,A321,1412
LSZH,SWR,A319,511
LSZH,EJU,A319,200
LSZH,EJU,A320,101
LSZH,AEE,A320,116
LSZH,AEE,A321,1
LSZH,EDW,A320,1369
LSZH,EDW,A321,8
LSZH,EDW,A332,2
LSZH,SAS,B738,84
LSZH,SAS,A320,23
LSZH,SAS,B737,22
LSZH,SAS,A319,21
LSZH,SAS,A321,11
LSZH,SAS,CRJX,1
LSZH,AUA,A320,208
LSZH,AUA,A319,121
LSZH,AUA,A321,9
LSZH,DLH,E190,121
LSZH,DLH,A320,109
LSZH,DLH,A319,60
LSZH,DLH,A321,18
LSZH,BAW,A319,182
LSZH,BAW,A320,85
LSZH,BAW,A321,27
LSZH,CAI,A320,11
LSZH,CAI,B738,2
LSZH,AAL,B763,56
LSZH,CFE,E190,107
LSZH,CTN,DH8D,201
LSZH,GSW,A319,372
LSZH,TAP,E190,114
LSZH,TAP,A320,74
LSZH,TAP,A319,29
LSZH,TAP,A321,29
LSZH,TAP,A332,1
LSZH,RJA,A319,18
LSZH,RJA,A320,6
LSZH,LOT,E190,12
LSZH,LOT,B734,4
LSZH,LOT,A319,2
LSZH,AMC,A320,57
LSZH,AMC,B738,1
LSZH,EZY,A319,127
LSZH,EZY,A320,49
LSZH,EIN,A320,74
LSZH,SXS,B738,156
LSZH,SXS,A320,66
LSZH,THY,A321,114
LSZH,THY,A332,45
LSZH,THY,B738,20
LSZH,THY,A319,4
LSZH,THY,A320,3
LSZH,AFL,A321,54
LSZH,AFL,A320,52
LSZH,AFL,B738,7
LSZH,LZB,E190,25
LSZH,LZB,A319,4
LSZH,OTF,A320,8
LSZH,ELY,B738,70
LSZH,KLM,E190,114
LSZH,KLM,B737,81
LSZH,KLM,B738,67
LSZH,CCA,A332,32
LSZH,DAL,A332,56
LSZH,DAL,B763,56
LSZH,AFR,E190,109
LSZH,AFR,A319,23
LSZH,AFR,A320,8
LSZH,AUI,E190,48
LSZH,AUI,B738,3
LSZH,TAR,A320,25
LSZH,TAR,A319,2
LSZH,VLG,A320,163
LSZH,VLG,A321,1
LSZH,ASL,A320,88
LSZH,ASL,A319,63
LSZH,OMA,A332,46
LSZH,PGT,B738,39
LSZH,PGT,A320,15
LSZH,THA,B744,9
LSZH,FIN,A321,109
LSZH,FIN,A320,4
LSZH,FIN,A319,1
LSZH,IBE,A319,82
LSZH,IBE,A320,25
LSZH,IBE,A321,10
LSZH,VMS,B738,6
LSZH,OAW,E190,50
LSZH,AXY,E190,1
LSZH,TWI,B734,12
LSZH,RAM,B737,15
LSZH,RAM,B738,8
LSZH,CYP,A319,16
LSZH,ICE,B752,66
LSZH,ICE,B763,5
LSZH,UZB,B763,3
LSZH,AZA,A319,20
LSZH,AZA,A320,3
LSZH,AZA,E190,2
LSZH,ADR,A319,11
LSZH,OHY,A320,24
LSZH,OHY,A321,9
LSZH,OHY,B763,1
LSZH,MSC,A320,9
LSZH,FEG,B738,7
LSZH,AEA,B738,4
LSZH,SVW,A319,2
LSZH,ZZZ,B737,1
LSZH,ZZZ,A320,1
LSZH,AUH,B738,1
LSZH,VPC,A332,1
LSZH,JAF,B738,1
LSZH,ROJ,B737,6
LSZH,VPB,B738,2
LSZH,LGT,B737,1
LSZH,CSC,A332,1
LSZH,QAF,A320,2
LSZH,TDR,A320,1
LSZH,ENT,B738,2
LSZH,WHT,A319,1
LSZH,FYG,E190,1
LSZH,ANE,CRJX,44
LSZH,SDR,A319,1
LSZH,AZG,B744,1
LSZH,SVA,A332,1
LSZH,FHY,A320,1
LSZH,SDM,A319,1
LPPT,TAP,A320,2687
LPPT,TAP,A319,2126
LPPT,TAP,E190,1138
LPPT,TAP,AT76,590
LPPT,TAP,A332,551
LPPT,TAP,A321,526
LPPT,TAP,B763,16
LPPT,RZO,A320,178
LPPT,RZO,A319,49
LPPT,RZO,B763,43
LPPT,EJU,A319,516
LPPT,EJU,A320,475
LPPT,RAM,B738,78
LPPT,RAM,B737,2
LPPT,RAM,B763,1
LPPT,TRA,B738,138
LPPT,TRA,B737,42
LPPT,AFR,A321,141
LPPT,AFR,A320,76
LPPT,AFR,A319,41
LPPT,TVF,B738,246
LPPT,TVF,A319,3
LPPT,TVF,A320,3
LPPT,TVF,B752,2
LPPT,EWG,A320,113
LPPT,EWG,A319,23
LPPT,EWG,B738,8
LPPT,EWG,A321,5
LPPT,IBE,A321,92
LPPT,IBE,A320,90
LPPT,IBE,A319,30
LPPT,RYR,B738,1568
LPPT,EZY,A320,129
LPPT,EZY,A319,117
LPPT,ROU,B763,64
LPPT,LBT,A320,9
LPPT,PVG,A320,72
LPPT,PVG,B763,3
LPPT,AAL,B763,56
LPPT,VLG,A321,192
LPPT,VLG,A320,189
LPPT,VLG,A319,39
LPPT,DLH,A321,264
LPPT,DLH,A320,58
LPPT,FOO,A321,47
LPPT,TCV,B752,60
LPPT,DAL,B752,116
LPPT,EZS,A320,70
LPPT,EZS,A319,15
LPPT,TAM,B763,44
LPPT,FIN,A321,49
LPPT,FIN,A320,7
LPPT,BAW,A320,168
LPPT,SAS,B737,21
LPPT,SAS,A321,6
LPPT,SAS,B738,4
LPPT,SAS,A320,1
LPPT,KLM,B738,153
LPPT,KLM,B737,9
LPPT,AFL,B738,56
LPPT,THY,A321,74
LPPT,THY,B738,3
LPPT,THY,A320,1
LPPT,AZU,A332,98
LPPT,WZZ,A321,80
LPPT,WZZ,A320,63
LPPT,LGL,B737,22
LPPT,LGL,B738,6
LPPT,LMU,A320,10
LPPT,SWT,AT43,13
LPPT,EVE,A320,40
LPPT,BEL,A320,97
LPPT,BEL,A319,17
LPPT,TAY,B734,42
LPPT,SWR,A321,58
LPPT,SWR,A320,12
LPPT,SWR,A319,1
LPPT,AEE,A320,53
LPPT,AEE,A321,11
LPPT,MAC,A320,24
LPPT,EIN,A320,103
LPPT,EIN,A321,1
LPPT,EIN,B752,1
LPPT,WUK,A320,29
LPPT,WUK,A321,27
LPPT,UAL,B752,56
LPPT,NAX,B738,40
LPPT,NAX,B763,1
LPPT,ELY,B738,28
LPPT,MMZ,B763,15
LPPT,TSC,A332,52
LPPT,BMS,B738,18
LPPT,MLD,A319,23
LPPT,MLD,A320,3
LPPT,MLD,E190,2
LPPT,CTN,A319,31
LPPT,CTN,CRJX,1
LPPT,CTN,A320,1
LPPT,BCS,B752,48
LPPT,STP,B763,8
LPPT,WHT,AT76,3
LPPT,IBK,B738,17
LPPT,TAR,A320,11
LPPT,TAR,A319,3
LPPT,IBB,CRJX,17
LPPT,NOS,B738,4
LPPT,NOS,B763,1
LPPT,DAH,B738,13
LPPT,BRS,E190,1
LPPT,BRS,A319,1
LPPT,VKG,B763,1
LPPT,AMC,A320,14
LPPT,ICE,B752,1
LPPT,LZB,E190,6
LPPT,LZB,A319,2
LPPT,FIA,A319,6
LPPT,ZZZ,E190,3
LPPT,PLM,A332,1
LPPT,ENT,B738,1
LPPT,BPA,B763,1
LPPT,TES,A320,2
LPPT,DTA,B737,1
LPPT,GNJ,B752,1
LPPT,HFM,A319,2
LPPT,TOM,B738,1
LPPT,AEA,B738,3
LPPT,FBG,AT43,1
LPPT,NRS,B763,1
LPPT,JMK,B752,1
EKCH,EZS,A320,75
EKCH,EZS,A319,25
EKCH,WZZ,A320,115
EKCH,WZZ,A321,7
EKCH,JTG,B737,230
EKCH,JTG,B738,105
EKCH,JTG,A319,1
EKCH,IBS,A320,56
EKCH,EWG,A319,64
EKCH,EWG,A320,33
EKCH,EWG,DH8D,12
EKCH,EJU,A320,268
EKCH,EJU,A319,165
EKCH,SAS,A321,972
EKCH,SAS,AT76,913
EKCH,SAS,A320,728
EKCH,SAS,A319,651
EKCH,SAS,B738,359
EKCH,SAS,B737,38
EKCH,SAS,CRJX,11
EKCH,NAX,B738,240
EKCH,NAX,A320,9
EKCH,EZY,A319,160
EKCH,EZY,A320,58
EKCH,EZY,E190,5
EKCH,BCS,B752,105
EKCH,BCS,B734,74
EKCH,IBK,B738,2586
EKCH,IBK,B734,151
EKCH,IBK,A332,5
EKCH,RYR,B738,1078
EKCH,AUA,A320,196
EKCH,AUA,A319,34
EKCH,AUA,A321,5
EKCH,VLG,A320,81
EKCH,VLG,A321,58
EKCH,VLG,A319,17
EKCH,DLH,A320,207
EKCH,DLH,A321,131
EKCH,DLH,A319,66
EKCH,DLH,E190,1
EKCH,VKG,A321,258
EKCH,VKG,B763,11
EKCH,VKG,B737,2
EKCH,VKG,B752,1
EKCH,DTR,AT76,297
EKCH,DTR,AT43,166
EKCH,DTR,A320,35
EKCH,BAW,A320,98
EKCH,BAW,A321,86
EKCH,BAW,A319,75
EKCH,TRA,B738,21
EKCH,TRA,B737,5
EKCH,BEL,A319,108
EKCH,BEL,A320,24
EKCH,AFR,A319,109
EKCH,AFR,A320,30
EKCH,AFR,A321,10
EKCH,WIF,DH8D,148
EKCH,RJA,A320,18
EKCH,RJA,A319,4
EKCH,RJA,A321,2
EKCH,FIN,A321,160
EKCH,FIN,A320,91
EKCH,FIN,A319,76
EKCH,FIN,E190,8
EKCH,KLM,B738,230
EKCH,KLM,B737,71
EKCH,KLM,E190,51
EKCH,SWR,A321,136
EKCH,SWR,A320,84
EKCH,SWR,A319,6
EKCH,SWR,E190,6
EKCH,DAL,B763,57
EKCH,GRL,A332,72
EKCH,GRL,B737,27
EKCH,GRL,A319,3
EKCH,FLI,A320,107
EKCH,FLI,A319,81
EKCH,FLI,B752,9
EKCH,CTN,CRJX,54
EKCH,CTN,A320,8
EKCH,CTN,DH8D,3
EKCH,LOT,B734,67
EKCH,LOT,B738,4
EKCH,LOT,E190,3
EKCH,LOT,AT76,3
EKCH,LOT,A320,2
EKCH,LOT,B737,2
EKCH,LOT,A319,1
EKCH,ICE,B752,187
EKCH,ICE,B763,57
EKCH,ICE,A319,1
EKCH,LGL,DH8D,137
EKCH,TAP,A320,33
EKCH,TAP,A321,28
EKCH,TAP,A319,16
EKCH,CSA,A319,50
EKCH,CSA,B738,45
EKCH,CSA,B734,4
EKCH,CSA,B737,4
EKCH,THY,B738,102
EKCH,THY,A321,88
EKCH,THY,A332,21
EKCH,THY,B737,1
EKCH,THY,A320,1
EKCH,ADR,A319,35
EKCH,PGT,B738,78
EKCH,PGT,A320,36
EKCH,FEG,B738,8
EKCH,FEG,B737,7
EKCH,LBT,A320,17
EKCH,LZB,A320,14
EKCH,LZB,A319,1
EKCH,FDX,B752,40
EKCH,MEA,A320,24
EKCH,MEA,A332,2
EKCH,SXS,B738,71
EKCH,SXS,A320,49
EKCH,LDM,A320,94
EKCH,LDM,B738,2
EKCH,AEE,A320,65
EKCH,AEE,A321,1
EKCH,BMS,B734,1
EKCH,BMS,B738,1
EKCH,AZA,A321,8
EKCH,AZA,A319,4
EKCH,AZA,A320,3
EKCH,MAC,A320,9
EKCH,AFL,B738,111
EKCH,AFL,A320,1
EKCH,AUI,B738,39
EKCH,AUI,E190,4
EKCH,ASL,A319,49
EKCH,ASL,A320,13
EKCH,TVF,B738,16
EKCH,BTI,DH8D,105
EKCH,DHK,B763,2
EKCH,AEA,A332,18
EKCH,RAM,E190,8
EKCH,RAM,B738,5
EKCH,RAM,B737,3
EKCH,FHY,A320,26
EKCH,BGH,A320,12
EKCH,MSR,A320,31
EKCH,MSR,B738,8
EKCH,TVS,B738,8
EKCH,CXI,A320,14
EKCH,ENT,B738,2
EKCH,IAW,A320,34
EKCH,CAI,B738,15
EKCH,ZZZ,B738,3
EKCH,ZZZ,B737,1
EKCH,ZZZ,A320,1
EKCH,LCO,B763,8
EKCH,BOX,B737,1
EKCH,WHT,A319,2
EKCH,CSC,A332,3
EKCH,CNV,B737,1
EKCH,CCA,A332,7
EKCH,VIP,B752,1
EKCH,ANE,CRJX,1
EKCH,EST,AT76,3
EKCH,MLM,A319,1
EKCH,SPA,B737,1
EKCH,MAR,B734,3
EKCH,SVA,A332,1
EKCH,FBG,AT43,1
EKCH,BAF,A321,2
EKCH,RRR,A332,1
LEPA,TVL,B738,9
LEPA,LDM,A320,922
LEPA,LDM,B738,329
LEPA,AEA,B738,781
LEPA,AEA,A332,2
LEPA,DLH,A321,139
LEPA,DLH,A320,122
LEPA,DLH,B738,52
LEPA,DLH,A319,4
LEPA,RYR,B738,3877
LEPA,EWG,A320,1715
LEPA,EWG,A319,427
LEPA,EWG,B738,423
LEPA,EWG,A321,51
LEPA,VOE,A319,245
LEPA,EXS,B738,761
LEPA,EXS,B752,60
LEPA,EXS,A332,54
LEPA,EXS,A320,14
LEPA,EXS,A321,7
LEPA,EJU,A320,1208
LEPA,EJU,A319,204
LEPA,EZY,A319,377
LEPA,EZY,A320,345
LEPA,BEE,DH8D,16
LEPA,IBK,B738,414
LEPA,IBK,B734,15
LEPA,LAV,B738,85
LEPA,LAV,B734,34
LEPA,IBS,A320,291
LEPA,IBS,A321,125
LEPA,EIN,A320,80
LEPA,BAW,A320,94
LEPA,BAW,A321,72
LEPA,BAW,A319,17
LEPA,NAX,B738,279
LEPA,NAX,A320,4
LEPA,TCX,A321,282
LEPA,TCX,A320,16
LEPA,TCX,B763,2
LEPA,TOM,B738,502
LEPA,TOM,B752,164
LEPA,TOM,B763,15
LEPA,TOM,A321,4
LEPA,TOM,A320,3
LEPA,SDR,A319,31
LEPA,SDR,A320,13
LEPA,SAS,A321,82
LEPA,SAS,A320,63
LEPA,SAS,B738,45
LEPA,SAS,B737,25
LEPA,SAS,A319,6
LEPA,CFG,A321,230
LEPA,CFG,A320,155
LEPA,CFG,B763,7
LEPA,CFG,B752,1
LEPA,CFG,A332,1
LEPA,VLG,A320,1195
LEPA,VLG,A321,138
LEPA,VLG,A319,19
LEPA,TUI,B738,572
LEPA,TUI,A320,40
LEPA,TUI,A321,34
LEPA,TUI,B763,2
LEPA,TUI,B737,1
LEPA,TUI,B752,1
LEPA,SWR,A321,110
LEPA,SWR,A320,66
LEPA,SWR,A319,2
LEPA,ANE,CRJX,436
LEPA,ANE,AT76,196
LEPA,EDW,A320,60
LEPA,BEL,A320,72
LEPA,BEL,A319,14
LEPA,VKG,A321,175
LEPA,VKG,B744,13
LEPA,VKG,A332,3
LEPA,VKG,B763,2
LEPA,VKG,B734,1
LEPA,VKG,B737,1
LEPA,RYS,B738,47
LEPA,CFE,E190,125
LEPA,AFL,A320,46
LEPA,AFL,A321,6
LEPA,SQP,B737,15
LEPA,SQP,B738,1
LEPA,ENT,B738,88
LEPA,ENT,A320,16
LEPA,OAW,E190,25
LEPA,SVR,A321,32
LEPA,JAF,B738,126
LEPA,JAF,B737,47
LEPA,JAF,E190,25
LEPA,JAF,A320,22
LEPA,JAF,A321,1
LEPA,TRA,B738,216
LEPA,TRA,B737,23
LEPA,JTG,B738,40
LEPA,JTG,B737,32
LEPA,SBI,A321,32
LEPA,SBI,A320,24
LEPA,SBI,A319,16
LEPA,FOO,A321,48
LEPA,LGL,B738,71
LEPA,LGL,B737,39
LEPA,PVG,A320,28
LEPA,IBB,CRJX,34
LEPA,DAH,B738,21
LEPA,DAH,B737,3
LEPA,TFL,B738,49
LEPA,TFL,A320,14
LEPA,TFL,B763,5
LEPA,BMS,B738,33
LEPA,TVS,B738,125
LEPA,TVS,B734,32
LEPA,TVS,A320,19
LEPA,TVS,A319,9
LEPA,TVS,B737,2
LEPA,GSW,A319,26
LEPA,EVE,A320,41
LEPA,EVE,B738,8
LEPA,BLX,B763,24
LEPA,BLX,B752,2
LEPA,BLX,B738,1
LEPA,GAF,A319,1
LEPA,TVF,B738,43
LEPA,TVF,A319,7
LEPA,TVF,A320,4
LEPA,FPO,B737,19
LEPA,FIN,A321,8
LEPA,FIN,A320,7
LEPA,FIN,A319,5
LEPA,CSA,A319,1
LEPA,HOP,CRJX,5
LEPA,AUI,B763,10
LEPA,CND,B738,37
LEPA,KTK,B752,8
LEPA,KTK,B763,6
LEPA,KTK,B738,4
LEPA,NOS,B738,39
LEPA,AZA,A319,21
LEPA,AZA,E190,10
LEPA,AZA,A320,7
LEPA,WZZ,A320,38
LEPA,WZZ,A321,2
LEPA,BRU,B738,6
LEPA,GJT,A320,4
LEPA,EZS,A320,7
LEPA,EZS,A319,1
LEPA,ASL,A319,11
LEPA,TVP,B738,16
LEPA,FLI,A320,7
LEPA,FLI,A319,1
LEPA,DTR,A320,16
LEPA,CXI,B738,16
LEPA,ZZZ,A320,3
LEPA,ZZZ,B737,1
LEPA,ZZZ,B738,1
LEPA,AFR,A320,22
LEPA,AFR,A319,4
LEPA,MAC,A320,11
LEPA,LZB,A319,7
LEPA,LZB,E190,1
LEPA,LZB,A320,1
LEPA,ESX,A332,1
LEPA,TAY,B734,1
LEPA,QAF,A320,2
LEPA,BVR,B738,1
LEPA,MLT,B738,1
LEPA,SWT,AT43,3
LEPA,MRB,A319,1
LEPA,OLE,A320,1
LEPA,SWG,B738,1
LEPA,ADR,A319,2
LEPA,ABG,B738,2
LEPA,ABG,B752,1
LEPA,DAB,B763,1
LEPA,HBJ,A319,1
LEPA,VPC,B737,1
LEPA,GWI,A320,2
EGCC,EZY,A320,1293
EGCC,EZY,A319,526
EGCC,DLH,A320,205
EGCC,DLH,A319,72
EGCC,DLH,A321,49
EGCC,DLH,E190,3
EGCC,BEE,DH8D,1836
EGCC,RYR,B738,2807
EGCC,TOM,B738,530
EGCC,TOM,B752,412
EGCC,TOM,B763,221
EGCC,TOM,A321,119
EGCC,TOM,A320,2
EGCC,VIR,B744,203
EGCC,VIR,A332,101
EGCC,ROU,B763,50
EGCC,TCX,A321,1063
EGCC,TCX,A332,332
EGCC,TCX,A320,118
EGCC,TCX,B744,4
EGCC,TCX,B738,2
EGCC,AEE,A320,23
EGCC,AEE,A321,2
EGCC,KLM,E190,111
EGCC,KLM,B738,105
EGCC,KLM,B737,35
EGCC,EXS,B738,1328
EGCC,EXS,B752,661
EGCC,EXS,A332,212
EGCC,STK,AT76,274
EGCC,SAS,B737,55
EGCC,SAS,B738,34
EGCC,SAS,A320,18
EGCC,SAS,A321,10
EGCC,SAS,A319,7
EGCC,SHT,A319,178
EGCC,SHT,A320,78
EGCC,SHT,A321,39
EGCC,THY,A321,82
EGCC,THY,A332,13
EGCC,TAP,A320,47
EGCC,TAP,A319,33
EGCC,TAP,E190,1
EGCC,TAP,A321,1
EGCC,AFR,A320,58
EGCC,AFR,E190,29
EGCC,AFR,A319,22
EGCC,AFR,A321,5
EGCC,EWG,A319,89
EGCC,EWG,A320,50
EGCC,EWG,DH8D,8
EGCC,BEL,A319,126
EGCC,BEL,A320,16
EGCC,EIN,A320,155
EGCC,MAC,A320,8
EGCC,TSC,A332,61
EGCC,FIN,A320,48
EGCC,FIN,A321,26
EGCC,FIN,A319,25
EGCC,FIN,E190,14
EGCC,AWC,A320,10
EGCC,AWC,B752,8
EGCC,FDX,B752,32
EGCC,AAL,B763,52
EGCC,AAL,B752,3
EGCC,VLG,A320,58
EGCC,VLG,A319,4
EGCC,NVD,A320,6
EGCC,NVD,A321,1
EGCC,SWR,E190,31
EGCC,SWR,A319,18
EGCC,SWR,A320,3
EGCC,BGH,A320,29
EGCC,BGH,B738,1
EGCC,PGT,B738,24
EGCC,PGT,A320,7
EGCC,CHH,A332,1
EGCC,IBS,A320,32
EGCC,ICE,A319,16
EGCC,ICE,B752,12
EGCC,ICE,DH8D,10
EGCC,CFE,E190,96
EGCC,EJU,A320,52
EGCC,AMC,A320,7
EGCC,AMC,A319,1
EGCC,ELY,B738,23
EGCC,ADR,A319,2
EGCC,RAM,B737,8
EGCC,RAM,B738,5
EGCC,RAM,E190,3
EGCC,ERN,A320,8
EGCC,ZZZ,A332,1
EGCC,AUA,A320,6
EGCC,LAV,B738,5
EGCC,LAV,B734,3
EGCC,GTI,B744,2
EGCC,NAX,B738,21
EGCC,NAX,A320,1
EGCC,IAW,A320,8
EGCC,ARN,B763,2
EGCC,AED,A332,1
EGCC,CFG,A332,2
EGCC,CFG,B752,1
EGCC,ASL,A319,2
EGCC,BUC,A320,1
EGCC,VKG,A321,1
LIMC,ISS,E190,491
LIMC,ISS,B738,362
LIMC,ISS,A332,256
LIMC,ISS,B737,30
LIMC,ISS,B734,3
LIMC,VLG,A320,388
LIMC,VLG,A321,198
LIMC,AEA,B738,93
LIMC,AEA,A332,25
LIMC,EJU,A320,2889
LIMC,EJU,A319,1366
LIMC,RYR,B738,1245
LIMC,CSA,B737,65
LIMC,CSA,B738,19
LIMC,CSA,A319,5
LIMC,CSA,B734,3
LIMC,BCS,B734,50
LIMC,BCS,B752,8
LIMC,DLH,A319,244
LIMC,DLH,A320,224
LIMC,DLH,A321,50
LIMC,DLH,E190,10
LIMC,ICE,B752,33
LIMC,NOS,B738,308
LIMC,NOS,B763,94
LIMC,NOS,B734,19
LIMC,NOS,B744,4
LIMC,NOS,B752,2
LIMC,THY,A321,126
LIMC,THY,B738,66
LIMC,THY,A332,31
LIMC,THY,B744,15
LIMC,THY,A320,8
LIMC,THY,A319,4
LIMC,BAW,A319,97
LIMC,BAW,A320,89
LIMC,BAW,A321,32
LIMC,AWT,B734,2
LIMC,AEE,A320,82
LIMC,AEE,A321,63
LIMC,AFR,A319,77
LIMC,AFR,A320,18
LIMC,AFR,A321,4
LIMC,EWG,A320,171
LIMC,EWG,DH8D,163
LIMC,EWG,A319,105
LIMC,EWG,B738,8
LIMC,WZZ,A321,141
LIMC,WZZ,A320,110
LIMC,KLM,B738,101
LIMC,KLM,E190,66
LIMC,KLM,B737,64
LIMC,ABR,B734,83
LIMC,ABR,AT43,19
LIMC,AUA,A320,104
LIMC,AUA,A319,46
LIMC,AUA,DH8D,11
LIMC,AUA,A321,3
LIMC,AUA,B744,1
LIMC,EZY,A319,128
LIMC,EZY,A320,53
LIMC,EZY,E190,5
LIMC,AZA,A319,490
LIMC,AZA,A320,431
LIMC,AZA,E190,234
LIMC,AZA,A332,127
LIMC,AZA,A321,29
LIMC,LOT,E190,37
LIMC,TAP,A319,197
LIMC,TAP,A320,90
LIMC,TAP,A321,14
LIMC,TAP,E190,2
LIMC,TAP,A332,1
LIMC,NAX,B738,47
LIMC,NAX,A320,1
LIMC,LAV,B734,100
LIMC,LAV,B738,57
LIMC,SDM,A319,64
LIMC,SDM,A320,32
LIMC,HAT,B734,44
LIMC,ABW,B744,27
LIMC,SAS,B738,75
LIMC,SAS,A321,54
LIMC,SAS,A319,44
LIMC,SAS,B737,42
LIMC,SAS,A320,32
LIMC,ICV,B744,71
LIMC,LGL,DH8D,138
LIMC,LGL,B737,4
LIMC,LGL,B738,2
LIMC,ERN,A320,120
LIMC,SWR,E190,128
LIMC,SWR,A320,30
LIMC,SWR,A319,24
LIMC,FPO,B734,74
LIMC,FPO,B737,1
LIMC,FIN,A321,98
LIMC,FIN,A320,13
LIMC,FIN,A319,2
LIMC,FIN,E190,1
LIMC,AUI,B738,42
LIMC,AUI,B763,12
LIMC,AFL,A320,165
LIMC,AFL,B738,61
LIMC,AFL,A321,52
LIMC,MEA,A320,40
LIMC,RAM,B738,83
LIMC,RAM,B737,14
LIMC,BEL,A319,73
LIMC,BEL,A320,10
LIMC,DAH,B737,10
LIMC,DAH,B738,7
LIMC,ZZZ,B738,3
LIMC,ZZZ,A319,3
LIMC,ZZZ,A320,2
LIMC,ZZZ,B763,1
LIMC,ZZZ,B737,1
LIMC,MSC,A320,48
LIMC,MSC,B738,6
LIMC,TAM,B763,56
LIMC,OMA,A332,22
LIMC,SVA,A320,42
LIMC,SVA,B744,16
LIMC,SVA,A321,1
LIMC,UTA,B738,55
LIMC,AAR,B744,22
LIMC,BPA,B734,126
LIMC,BPA,B738,112
LIMC,BPA,B763,44
LIMC,IBE,A319,45
LIMC,IBE,A320,33
LIMC,IBE,A321,21
LIMC,AZG,B744,17
LIMC,MSR,B738,107
LIMC,MSR,A332,4
LIMC,MSR,A320,1
LIMC,LZB,E190,29
LIMC,LZB,A319,2
LIMC,CPA,B744,16
LIMC,MLD,A319,41
LIMC,MLD,E190,3
LIMC,QAF,A320,4
LIMC,TAR,A320,68
LIMC,TAR,A319,21
LIMC,TCV,B752,25
LIMC,AAF,A320,11
LIMC,UZB,B763,16
LIMC,HZS,A319,2
LIMC,KAC,A332,25
LIMC,AHY,A320,10
LIMC,AHY,A319,3
LIMC,AHY,B752,3
LIMC,ASL,A319,46
LIMC,ASL,A320,6
LIMC,LMU,A320,7
LIMC,LMU,B734,3
LIMC,LMU,A332,3
LIMC,JAF,B738,15
LIMC,JAF,A320,1
LIMC,JAF,B734,1
LIMC,CTN,DH8D,24
LIMC,ELY,B738,11
LIMC,ELY,B744,2
LIMC,CKS,B744,1
LIMC,BLX,B734,2
LIMC,FHY,A320,8
LIMC,CLX,B744,24
LIMC,NMA,A319,8
LIMC,EIN,A320,75
LIMC,RGN,B752,15
LIMC,MNB,A332,2
LIMC,EZS,A320,9
LIMC,EZS,A319,1
LIMC,LMJ,A320,1
LIMC,LBT,A320,16
LIMC,SDR,A320,1
LIMC,SDR,A319,1
LIMC,BRU,B738,10
LIMC,MSX,A332,8
LIMC,FDX,B752,19
LIMC,HOP,CRJX,1
LIMC,HOP,E190,1
LIMC,QTR,A332,2
LIMC,FOO,A320,1
LIMC,ABD,B744,1
LIMC,SXD,B734,1
LIMC,FAH,B734,1
LIMC,CFE,E190,28
LIMC,ANE,CRJX,3
LIMC,AMC,A320,16
LIMC,AMC,A319,1
LIMC,DUB,B738,2
LIMC,WDL,E190,1
LIMC,TVF,B734,2
LIMC,TRA,B734,1
LIMC,MMZ,B763,1
LIMC,OAL,A320,1
LIMC,BMS,B734,1
LIMC,TOM,B738,1
LIMC,PGT,B738,1
LIMC,VQB,A319,1
LIMC,LTC,B737,1
LIMC,BGH,A320,1
LIMC,CYF,B734,1
LIMC,ROJ,B737,1
LIMC,IRA,A332,1
ENGM,EJU,A320,47
ENGM,EJU,A319,9
ENGM,SAS,B738,3173
ENGM,SAS,B737,2205
ENGM,SAS,A320,122
ENGM,SAS,AT76,117
ENGM,SAS,A321,87
ENGM,SAS,A319,5
ENGM,NAX,B738,5511
ENGM,NAX,A320,136
ENGM,NAX,B763,111
ENGM,WZZ,A321,71
ENGM,WZZ,A320,27
ENGM,SWR,E190,37
ENGM,SWR,A320,6
ENGM,SWR,A319,1
ENGM,IBK,B738,706
ENGM,IBK,A320,1
ENGM,IBK,A332,1
ENGM,IBK,B734,1
ENGM,KLM,E190,165
ENGM,KLM,B738,103
ENGM,KLM,B737,40
ENGM,BAW,A319,114
ENGM,BAW,A320,26
ENGM,BAW,A321,25
ENGM,BEL,A319,96
ENGM,BEL,A320,16
ENGM,DLH,A320,217
ENGM,DLH,A321,114
ENGM,DLH,A319,5
ENGM,AFR,A320,49
ENGM,AFR,A319,43
ENGM,AFR,A321,16
ENGM,ICE,B752,98
ENGM,ICE,A319,10
ENGM,ICE,B763,1
ENGM,NPT,B738,41
ENGM,NVD,A320,2
ENGM,VKG,A321,109
ENGM,VKG,B744,28
ENGM,VKG,A332,8
ENGM,VKG,B763,3
ENGM,VKG,B734,1
ENGM,VKG,B737,1
ENGM,RYR,B738,178
ENGM,THY,A321,81
ENGM,THY,A332,21
ENGM,THY,B738,5
ENGM,LOT,B734,25
ENGM,LOT,B738,10
ENGM,LOT,A319,8
ENGM,LOT,B737,2
ENGM,LOT,E190,2
ENGM,FIN,A321,67
ENGM,FIN,A320,64
ENGM,FIN,E190,49
ENGM,FIN,A319,36
ENGM,BLX,B763,24
ENGM,AFL,B738,50
ENGM,AFL,A321,40
ENGM,AFL,A320,21
ENGM,FEG,B738,8
ENGM,PGT,B738,20
ENGM,PGT,A320,9
ENGM,BCS,B734,15
ENGM,BCS,B752,8
ENGM,BTI,DH8D,34
ENGM,ICL,B744,16
ENGM,TAP,A321,26
ENGM,TAP,A320,13
ENGM,TAP,A319,1
ENGM,MLH,A320,2
ENGM,ART,A320,1
ENGM,BMS,B734,4
ENGM,BMS,B738,3
ENGM,JTG,B737,4
ENGM,LGT,B737,3
ENGM,AEE,A320,11
ENGM,VLG,A320,24
ENGM,SXS,B738,42
ENGM,SXS,A332,1
ENGM,QTR,A332,24
ENGM,IBE,A319,13
ENGM,IBE,A320,12
ENGM,UPS,B763,40
ENGM,KAL,A332,8
ENGM,CTN,CRJX,25
ENGM,FPO,B737,6
ENGM,EVE,A320,8
ENGM,AIZ,B738,1
ENGM,ISR,A320,4
ENGM,AEA,B738,4
ENGM,CGF,B734,1
ENGM,CHH,A332,4
ENGM,WIF,DH8D,2
ENGM,ABW,B744,3
ENGM,CKS,B744,2
ENGM,ENT,B738,1
ENGM,TCX,A320,1
ENGM,DHK,B763,1
ENGM,VIP,A319,1
ENGM,AZG,B744,1
ENGM,NVR,A319,3
ENGM,KAY,A319,2
EGSS,RYR,B738,10103
EGSS,RYR,B737,5
EGSS,SDR,A320,2
EGSS,SDR,A319,1
EGSS,EXS,B738,1203
EGSS,EXS,A321,333
EGSS,EXS,B752,23
EGSS,EZY,A319,1155
EGSS,EZY,A320,477
EGSS,BCS,B734,36
EGSS,BCS,B752,36
EGSS,UPS,B763,101
EGSS,UPS,B752,32
EGSS,AAR,B744,14
EGSS,PGT,B738,130
EGSS,PGT,A320,61
EGSS,EWG,A319,50
EGSS,EWG,A320,46
EGSS,CCM,A320,57
EGSS,RRR,A332,5
EGSS,TOM,B738,118
EGSS,TOM,A320,73
EGSS,TOM,B752,38
EGSS,TOM,B763,20
EGSS,TOM,A321,1
EGSS,IAW,B738,1
EGSS,TCX,A321,183
EGSS,TCX,A320,116
EGSS,AWC,B734,86
EGSS,AWC,B752,27
EGSS,AWC,A320,23
EGSS,AWC,B763,11
EGSS,WIF,DH8D,53
EGSS,LDM,A320,106
EGSS,LDM,B738,2
EGSS,THY,A332,32
EGSS,ZZZ,B737,13
EGSS,ZZZ,B738,5
EGSS,ZZZ,A319,4
EGSS,ZZZ,E190,3
EGSS,ZZZ,A320,2
EGSS,ZZZ,B752,1
EGSS,NAX,B763,1
EGSS,NPT,B734,54
EGSS,KKK,A321,59
EGSS,MLD,A321,33
EGSS,MLD,A320,11
EGSS,MLD,A319,6
EGSS,TVF,B763,5
EGSS,TVF,A320,2
EGSS,TVF,B752,1
EGSS,CFE,E190,64
EGSS,FDX,B763,65
EGSS,FDX,B752,43
EGSS,MPH,B744,6
EGSS,SAS,A319,29
EGSS,SAS,A320,5
EGSS,CRV,A319,2
EGSS,CLX,B744,14
EGSS,SXD,B752,4
EGSS,SXD,B763,1
EGSS,SAM,B737,3
EGSS,SAM,B752,1
EGSS,EJU,A320,4
EGSS,EJU,A319,2
EGSS,AXY,E190,1
EGSS,SVA,B737,3
EGSS,SVA,B744,1
EGSS,ROJ,B737,7
EGSS,MLC,B737,3
EGSS,DUB,B744,20
EGSS,DUB,B738,1
EGSS,FPO,B737,4
EGSS,QAF,A332,4
EGSS,QAF,A320,3
EGSS,BAH,B744,2
EGSS,BAH,B738,1
EGSS,VPB,B737,6
EGSS,VPB,A332,1
EGSS,HBJ,A319,2
EGSS,GTI,B744,2
EGSS,KAY,A319,1
EGSS,ORF,B744,2
EGSS,ORF,A320,1
EGSS,TAY,B734,2
EGSS,AWT,B734,18
EGSS,BOX,B737,1
EGSS,MJF,A319,2
EGSS,VIP,B752,1
EGSS,TUI,B752,2
EGSS,MRI,B752,2
EGSS,TRA,B738,1
EGSS,TRA,B737,1
EGSS,VPC,B737,2
EGSS,VPC,B738,1
EGSS,BWJ,B737,1
EGSS,JMK,B752,1
EGSS,ABD,B744,1
EGSS,SPA,B737,2
EGSS,GPO,B734,1
EGSS,JAF,B752,1
EGSS,EIN,B752,3
EGSS,ARN,B763,4
EGSS,BAW,E190,1
EGSS,DJT,B752,1
EGSS,ENT,B738,1
EGSS,AEA,B738,3
EGSS,TES,B752,4
EGSS,TES,A320,1
EGSS,CFG,B763,1
EGSS,MSX,A332,1
EGSS,ICL,B744,1
EGSS,UAE,B744,1
EGSS,QTR,A332,1
EGSS,KKL,A321,2
EGSS,TFL,B763,1
EGSS,UZB,B763,1
EGSS,ETH,DH8D,1
EGSS,ABW,B744,1
EGSS,CLU,B744,1
EBBR,DLH,A320,287
EBBR,DLH,A319,114
EBBR,DLH,A321,55
EBBR,DLH,E190,4
EBBR,BEL,A319,3908
EBBR,BEL,A320,2141
EBBR,BEL,A332,199
EBBR,JAF,B738,514
EBBR,JAF,B737,462
EBBR,JAF,E190,272
EBBR,JAF,A320,213
EBBR,JAF,B763,4
EBBR,JAF,B734,3
EBBR,JAF,B752,2
EBBR,VLG,A320,268
EBBR,VLG,A321,3
EBBR,VLG,A319,1
EBBR,SAS,B737,53
EBBR,SAS,B738,40
EBBR,SAS,A320,19
EBBR,SAS,A319,17
EBBR,SAS,A321,4
EBBR,RYR,B738,1205
EBBR,TAP,E190,90
EBBR,TAP,A320,78
EBBR,TAP,A319,54
EBBR,TAP,A321,48
EBBR,IBE,A320,78
EBBR,IBE,A319,56
EBBR,IBE,A321,33
EBBR,EWG,DH8D,114
EBBR,BMS,B738,43
EBBR,BMS,B734,8
EBBR,SWR,E190,123
EBBR,SWR,A320,96
EBBR,SWR,A319,7
EBBR,SWR,A321,2
EBBR,CSA,B737,58
EBBR,CSA,B738,21
EBBR,CSA,A319,6
EBBR,BCS,B752,248
EBBR,BCS,B734,191
EBBR,BCS,A332,89
EBBR,CAI,B738,126
EBBR,CAI,A320,60
EBBR,CAI,A332,1
EBBR,TAR,A320,49
EBBR,TAR,A319,6
EBBR,TAR,A332,3
EBBR,SIA,B744,45
EBBR,TWI,B734,232
EBBR,TWI,A332,1
EBBR,CTN,CRJX,71
EBBR,CTN,DH8D,19
EBBR,FHY,A320,177
EBBR,FIN,A319,39
EBBR,FIN,A320,28
EBBR,FIN,A321,23
EBBR,FIN,E190,15
EBBR,AUA,A320,111
EBBR,AUA,A319,33
EBBR,AUA,A321,4
EBBR,AEE,A320,87
EBBR,AEE,A321,28
EBBR,AAR,B744,31
EBBR,THY,A321,256
EBBR,THY,B738,59
EBBR,THY,A332,12
EBBR,THY,A320,2
EBBR,THY,A319,1
EBBR,AZA,A320,66
EBBR,AZA,A319,50
EBBR,AZA,E190,39
EBBR,AZA,A321,3
EBBR,EIN,A320,98
EBBR,EZS,A320,57
EBBR,EZS,A319,29
EBBR,KLM,E190,175
EBBR,KLM,B738,13
EBBR,KLM,B737,4
EBBR,DAL,B763,115
EBBR,MAC,A320,164
EBBR,TPA,A332,15
EBBR,AUI,B738,72
EBBR,QTR,A332,24
EBBR,TGZ,E190,23
EBBR,RAM,B738,92
EBBR,RAM,A320,78
EBBR,RAM,B763,20
EBBR,RAM,E190,17
EBBR,RAM,B737,8
EBBR,OTF,A320,14
EBBR,OTF,A332,1
EBBR,EJU,A320,89
EBBR,EJU,A319,21
EBBR,SXS,B738,41
EBBR,SXS,A320,23
EBBR,BAW,A319,203
EBBR,BAW,A320,50
EBBR,BAW,A321,4
EBBR,LOT,B734,17
EBBR,LOT,B738,11
EBBR,LOT,E190,6
EBBR,LOT,B737,1
EBBR,AFL,B738,154
EBBR,AFL,A320,13
EBBR,AFL,A321,1
EBBR,ROT,B737,63
EBBR,ROT,B738,15
EBBR,MSR,B738,55
EBBR,DHK,B763,26
EBBR,FHM,A320,3
EBBR,DAH,B738,41
EBBR,TFL,B738,5
EBBR,TFL,A320,2
EBBR,TFL,B763,1
EBBR,MEA,A320,40
EBBR,FEG,B738,15
EBBR,ELY,B738,46
EBBR,ASL,A319,28
EBBR,ASL,A320,2
EBBR,LCO,B763,17
EBBR,SAM,B752,1
EBBR,HUA,A319,3
EBBR,CKS,B744,40
EBBR,LBT,A320,8
EBBR,LZB,E190,27
EBBR,LZB,A319,14
EBBR,FPO,B737,3
EBBR,FPO,B738,2
EBBR,AEA,B738,44
EBBR,ROJ,B737,2
EBBR,AMC,A320,43
EBBR,AMC,A319,9
EBBR,AMC,B738,1
EBBR,TAY,B734,37
EBBR,GAF,A321,1
EBBR,GAF,A319,1
EBBR,ICE,B752,55
EBBR,ICE,A319,8
EBBR,ICE,B763,3
EBBR,BGF,A319,1
EBBR,ZZZ,B734,2
EBBR,ZZZ,B738,1
EBBR,FAH,B734,1
EBBR,FYG,E190,5
EBBR,TSC,A332,19
EBBR,PVG,B752,1
EBBR,CEF,A319,5
EBBR,CCC,B744,1
EBBR,QSM,A320,7
EBBR,RWD,A332,18
EBBR,ADR,A319,12
EBBR,SSG,A319,2
EBBR,KUG,A319,1
EBBR,BTI,DH8D,2
EBBR,PAC,B752,1
EBBR,TVF,B738,1
EBBR,MYX,A320,4
EBBR,ANE,CRJX,58
EBBR,HFM,A319,2
EBBR,HOP,CRJX,1
EBBR,OHY,A320,2
EBBR,BJN,B737,2
EBBR,DTR,A320,1
EBBR,BWJ,B737,1
EBBR,VPB,B737,1
EBBR,ENT,B738,1
EBBR,TVS,B738,2
ESSA,FIN,A321,186
ESSA,FIN,E190,101
ESSA,FIN,A320,64
ESSA,FIN,A319,24
ESSA,NAX,B738,2636
ESSA,NAX,A320,8
ESSA,KLM,B738,152
ESSA,KLM,B737,38
ESSA,KLM,E190,14
ESSA,DLH,A320,196
ESSA,DLH,A321,179
ESSA,DLH,A319,5
ESSA,UPS,B752,31
ESSA,UPS,B763,14
ESSA,SAS,B737,1085
ESSA,SAS,AT76,908
ESSA,SAS,A320,789
ESSA,SAS,B738,554
ESSA,SAS,A321,43
ESSA,SAS,A319,35
ESSA,IBK,B738,674
ESSA,IBK,B734,3
ESSA,IBK,A320,2
ESSA,ASL,A319,55
ESSA,ASL,A320,4
ESSA,EWG,A320,139
ESSA,EWG,A319,69
ESSA,EWG,B738,16
ESSA,AFR,A320,157
ESSA,AFR,A319,60
ESSA,AFR,A321,5
ESSA,THY,B738,87
ESSA,THY,A321,55
ESSA,THY,A332,36
ESSA,THY,A320,1
ESSA,EJU,A320,90
ESSA,EJU,A319,70
ESSA,PGT,B738,44
ESSA,PGT,A320,26
ESSA,BLX,B763,91
ESSA,BLX,B738,51
ESSA,BLX,B734,2
ESSA,BLX,B752,2
ESSA,UAL,B752,57
ESSA,BAW,A319,134
ESSA,BAW,A320,79
ESSA,BAW,A321,32
ESSA,VAS,B734,80
ESSA,BTI,DH8D,239
ESSA,AUI,B738,43
ESSA,AUI,E190,20
ESSA,AUI,A320,1
ESSA,LBT,A320,16
ESSA,AFL,B738,58
ESSA,AFL,A320,48
ESSA,AFL,A321,6
ESSA,SWR,A321,93
ESSA,SWR,A320,64
ESSA,SWR,E190,10
ESSA,SWR,A319,10
ESSA,ICE,B752,111
ESSA,ICE,A319,7
ESSA,ICE,B763,6
ESSA,TRA,B738,18
ESSA,EZS,A320,35
ESSA,EZS,A319,18
ESSA,VKG,A321,70
ESSA,VKG,B752,1
ESSA,VKG,B737,1
ESSA,VKG,B763,1
ESSA,FDX,B752,65
ESSA,CES,A332,33
ESSA,CSA,B738,37
ESSA,CSA,B734,13
ESSA,CSA,A319,6
ESSA,CSA,B737,1
ESSA,AUA,A320,50
ESSA,AUA,A321,3
ESSA,AUA,A319,3
ESSA,EZY,A319,23
ESSA,EZY,A320,7
ESSA,RAM,B737,9
ESSA,RAM,B738,7
ESSA,AEE,A320,31
ESSA,EST,AT76,2
ESSA,TVS,B738,12
ESSA,TAP,A320,30
ESSA,TAP,A321,17
ESSA,TAP,A319,11
ESSA,AZA,A320,26
ESSA,SXS,B738,40
ESSA,VLG,A320,31
ESSA,CAI,B738,13
ESSA,CAI,A320,5
ESSA,CXI,A320,16
ESSA,LOT,AT76,39
ESSA,BMS,B734,3
ESSA,BMS,B738,2
ESSA,WHT,A319,3
ESSA,KKK,A332,9
ESSA,AEA,A332,16
ESSA,AEA,B738,8
ESSA,CTN,CRJX,24
ESSA,IBE,A320,33
ESSA,IBE,A319,6
ESSA,JTG,B737,8
ESSA,PVG,B763,1
ESSA,ENT,B738,4
ESSA,WLB,A320,5
ESSA,WLB,A321,3
ESSA,IRA,A332,7
ESSA,BGH,A320,8
ESSA,ZZZ,A320,2
ESSA,FHM,A320,1
ESSA,CNV,B737,1
ESSA,VPB,A332,1
ESSA,FHY,A320,5
ESSA,SDR,A319,2
ESSA,ABD,B744,1
ESSA,MLD,E190,1
ESSA,CCA,A332,2
ESSA,ROL,B752,1
ESSA,BEE,AT76,2
ESSA,TAY,B734,2
ESSA,CLX,B744,1
ESSA,TOM,B763,1
ESSA,BCS,B752,1
LGAV,AEE,A320,2483
LGAV,AEE,A321,1031
LGAV,AEE,DH8D,307
LGAV,AEE,A319,150
LGAV,OAL,A320,2764
LGAV,OAL,DH8D,1755
LGAV,OAL,A321,652
LGAV,OAL,A319,118
LGAV,AUI,B738,47
LGAV,AUI,B763,2
LGAV,CTN,DH8D,43
LGAV,CTN,A319,9
LGAV,CTN,CRJX,8
LGAV,CTN,A320,1
LGAV,WZZ,A320,126
LGAV,WZZ,A321,4
LGAV,AFL,A321,90
LGAV,AFL,A320,41
LGAV,AFL,B738,37
LGAV,ROU,B763,143
LGAV,AUA,A321,60
LGAV,AUA,A320,40
LGAV,AUA,A319,1
LGAV,RYR,B738,1140
LGAV,EJU,A320,107
LGAV,EJU,A319,66
LGAV,IBK,B738,48
LGAV,NAX,B738,48
LGAV,CYP,A319,79
LGAV,THY,A321,56
LGAV,THY,B738,37
LGAV,THY,A320,11
LGAV,THY,A319,8
LGAV,THY,A332,1
LGAV,DLH,A321,311
LGAV,DLH,A320,95
LGAV,SWR,A321,127
LGAV,SWR,A320,21
LGAV,AZA,A321,141
LGAV,AZA,A320,122
LGAV,AZA,A319,55
LGAV,AZA,E190,1
LGAV,TAY,B738,78
LGAV,TAY,B734,3
LGAV,PGT,B738,28
LGAV,PGT,A320,22
LGAV,SEH,AT43,292
LGAV,SEH,DH8D,36
LGAV,TVF,B738,242
LGAV,TVF,A320,4
LGAV,TVF,A319,1
LGAV,TVF,B763,1
LGAV,IBE,A320,80
LGAV,IBE,A321,15
LGAV,IBE,A319,9
LGAV,AFR,A319,252
LGAV,AFR,A320,68
LGAV,AFR,A321,13
LGAV,ASL,A319,65
LGAV,ASL,A320,53
LGAV,BMS,B738,104
LGAV,ETD,A320,45
LGAV,ETD,A332,2
LGAV,MEA,A320,71
LGAV,MEA,A332,9
LGAV,QTR,A320,43
LGAV,QTR,A332,6
LGAV,QTR,A321,5
LGAV,RAM,E190,9
LGAV,RAM,B737,5
LGAV,RAM,B738,2
LGAV,TRA,B738,119
LGAV,TRA,A321,1
LGAV,ELB,A319,178
LGAV,ELB,A320,15
LGAV,JAF,B738,28
LGAV,JAF,E190,20
LGAV,JAF,B737,4
LGAV,OMA,B738,42
LGAV,OMA,A320,1
LGAV,AWC,B752,8
LGAV,AWC,B763,5
LGAV,CCA,A332,1
LGAV,EZY,A320,78
LGAV,EZY,A319,11
LGAV,VPB,B737,1
LGAV,BEL,A319,38
LGAV,BEL,A320,10
LGAV,IBS,A321,14
LGAV,RJA,A320,3
LGAV,RJA,A319,3
LGAV,RJA,E190,3
LGAV,BAW,A320,112
LGAV,BAW,A321,4
LGAV,TSC,A332,63
LGAV,AAF,B734,2
LGAV,ELY,B738,70
LGAV,AZI,AT43,167
LGAV,AZI,B734,1
LGAV,VLG,A321,55
LGAV,VLG,A320,51
LGAV,BCS,B734,33
LGAV,BCS,B752,7
LGAV,VOE,A319,21
LGAV,EZS,A320,20
LGAV,EZS,A319,18
LGAV,WUK,A321,56
LGAV,SAS,B738,41
LGAV,SAS,B737,30
LGAV,SAS,A320,29
LGAV,SAS,A321,21
LGAV,SAS,A319,7
LGAV,MSR,B738,60
LGAV,LLM,A320,2
LGAV,EWG,A320,53
LGAV,EWG,A319,20
LGAV,EWG,B738,2
LGAV,EIN,A320,24
LGAV,ROT,B737,48
LGAV,ISR,A320,10
LGAV,KLM,B738,73
LGAV,KLM,B737,5
LGAV,SVA,A320,30
LGAV,SVA,A321,1
LGAV,FPO,B738,8
LGAV,FPO,B737,2
LGAV,REU,A332,3
LGAV,JNK,B734,16
LGAV,JNK,A319,4
LGAV,ZZZ,B737,9
LGAV,ZZZ,E190,5
LGAV,ZZZ,AT43,1
LGAV,ZZZ,B738,1
LGAV,EIG,AT76,1
LGAV,AEA,A332,8
LGAV,RYS,B738,9
LGAV,GFA,A320,4
LGAV,CNV,B737,2
LGAV,TVP,B738,8
LGAV,CXI,B738,4
LGAV,FIN,A320,11
LGAV,FIN,A319,8
LGAV,FIN,A321,1
LGAV,TVS,B738,1
LGAV,KAY,A319,1
LGAV,LZB,E190,6
LGAV,LZB,A319,2
LGAV,TDR,A320,5
LGAV,AAL,A332,2
LGAV,ANE,CRJX,1
LGAV,LAV,B734,3
LGAV,LGL,B738,1
LGAV,RJD,A319,1
LGAV,FRV,B738,3
LGAV,FRV,B744,2
LGAV,CMB,B738,9
LGAV,CMB,B763,3
LGAV,PHG,B737,3
LGAV,BPA,B763,1
LGAV,PVG,B763,2
LGAV,TFL,B763,1
LGAV,HZX,A320,1
LGAV,ENT,B738,6
LGAV,SCX,B738,2
LGAV,BSK,B738,2
LGAV,UAL,B763,1
LGAV,DCS,A319,1
LGAV,HZA,A320,2
LGAV,OLY,A321,1
LGAV,ROJ,B737,1
LGAV,ICL,B744,2
EDDL,EWG,A320,2469
EDDL,EWG,A319,2464
EDDL,EWG,DH8D,1658
EDDL,EWG,A332,133
EDDL,EWG,A321,102
EDDL,EWG,B738,13
EDDL,SBI,A320,12
EDDL,SBI,A321,12
EDDL,BUC,A320,72
EDDL,ASL,A319,32
EDDL,ASL,A320,2
EDDL,AFR,E190,110
EDDL,SWR,A320,133
EDDL,SWR,E190,29
EDDL,SWR,A319,4
EDDL,SWR,A321,1
EDDL,PGT,B738,102
EDDL,PGT,A320,47
EDDL,LDM,A320,656
EDDL,LDM,B738,199
EDDL,TUI,B738,522
EDDL,TUI,B737,109
EDDL,TUI,A321,95
EDDL,TUI,A320,2
EDDL,ETD,A332,25
EDDL,EIN,A320,112
EDDL,CFG,A320,283
EDDL,CFG,A321,207
EDDL,CFG,B763,1
EDDL,SXS,B738,492
EDDL,SXS,A320,70
EDDL,DLH,A320,477
EDDL,DLH,A319,295
EDDL,DLH,A321,208
EDDL,DLH,E190,40
EDDL,DLH,A332,5
EDDL,VAW,A321,15
EDDL,VAW,A320,5
EDDL,OHY,A320,79
EDDL,OHY,A332,34
EDDL,OHY,A321,29
EDDL,AFL,A320,167
EDDL,AFL,A321,58
EDDL,AUI,B738,56
EDDL,BEE,DH8D,396
EDDL,THY,A321,156
EDDL,THY,B738,87
EDDL,THY,A332,18
EDDL,THY,A320,2
EDDL,BAW,A319,183
EDDL,BAW,A320,62
EDDL,BAW,A321,35
EDDL,EJU,A319,157
EDDL,EJU,A320,138
EDDL,AUA,A320,185
EDDL,AUA,DH8D,165
EDDL,AUA,A319,69
EDDL,AEE,A320,143
EDDL,AEE,A321,2
EDDL,SXD,B738,461
EDDL,SXD,B752,4
EDDL,SXD,B763,3
EDDL,SXD,B744,3
EDDL,SXD,B734,2
EDDL,SXD,A320,1
EDDL,IBK,B738,123
EDDL,IBE,A321,86
EDDL,IBE,A320,60
EDDL,IBE,A319,15
EDDL,TAP,A319,79
EDDL,TAP,A320,26
EDDL,TAP,A332,1
EDDL,CAI,B738,85
EDDL,CAI,A320,13
EDDL,FIN,A320,41
EDDL,FIN,A319,36
EDDL,FIN,A321,19
EDDL,FIN,E190,16
EDDL,KLM,E190,80
EDDL,EZY,A319,39
EDDL,EZY,A320,7
EDDL,CTN,A319,16
EDDL,CTN,A320,1
EDDL,SDM,A319,56
EDDL,CXI,B738,30
EDDL,SAS,B737,66
EDDL,SAS,B738,21
EDDL,SAS,A319,9
EDDL,SAS,A320,8
EDDL,SAS,A321,4
EDDL,SAS,CRJX,2
EDDL,NMA,A320,14
EDDL,GWI,A320,29
EDDL,GWI,DH8D,20
EDDL,GWI,A319,13
EDDL,GWI,A332,4
EDDL,AMC,A320,16
EDDL,LBT,A320,44
EDDL,VLG,A320,47
EDDL,OTF,A320,63
EDDL,LMU,A332,6
EDDL,LOT,A319,47
EDDL,LOT,B734,26
EDDL,LOT,B738,6
EDDL,LOT,B737,1
EDDL,LOT,E190,1
EDDL,KKK,A321,23
EDDL,KKK,A319,20
EDDL,KKK,A320,18
EDDL,ICE,B752,28
EDDL,ICE,A319,1
EDDL,IAW,A320,16
EDDL,TAR,A320,38
EDDL,HOP,E190,23
EDDL,GLP,B738,8
EDDL,MSC,A320,16
EDDL,MSC,B738,11
EDDL,AWT,B734,18
EDDL,RAM,A320,6
EDDL,ENT,B738,5
EDDL,CCA,A332,19
EDDL,KAY,A319,1
EDDL,TWI,B734,8
EDDL,NIA,A321,1
EDDL,KKL,A319,2
EDDL,TFL,B763,4
EDDL,TFL,B738,2
EDDL,SDR,A320,7
EDDL,SDR,A319,1
EDDL,VKG,A321,2
EDDL,WLB,A321,4
EDDL,WLB,A320,2
EDDL,WLB,B737,2
EDDL,HBJ,A319,3
EDDL,LAV,B738,2
EDDL,OLY,A321,14
EDDL,OLY,A320,4
EDDL,RYR,B738,1
EDDL,SMR,B738,2
EDDL,TCX,A321,2
EDDL,SEH,DH8D,1
EDDL,EDW,A332,1
EDDL,DAN,A321,1
EDDL,AZA,E190,1
EDDL,DAT,A321,1